created_at,entry_id,VOC,Temperature,Humidity,latitude,longitude,elevation,status,Remaining_Days
2026-01-01 05:34:36+00:00,1,0.02,27.5,72.0,,,,,9.0
2026-01-01 05:34:56+00:00,2,0.0187,27.5,73.0,,,,,10.0
2026-01-01 05:35:16+00:00,3,0.02,27.5,73.0,,,,,9.0
2026-01-01 05:35:37+00:00,4,0.02,27.5,74.0,,,,,9.0
2026-01-01 05:35:57+00:00,5,0.0212,27.5,73.0,,,,,9.0
2026-01-01 05:36:17+00:00,6,0.0226,27.5,75.0,,,,,9.0
2026-01-01 05:36:37+00:00,7,0.0212,27.5,73.0,,,,,9.0
2026-01-01 05:36:57+00:00,8,0.0165,27.5,73.0,,,,,10.0
2026-01-01 05:37:17+00:00,9,0.0212,27.5,72.0,,,,,9.0
2026-01-01 05:37:37+00:00,10,0.0212,27.7,74.0,,,,,9.0
2026-01-01 05:37:57+00:00,11,0.0212,27.5,74.0,,,,,9.0
2026-01-01 05:38:17+00:00,12,0.0212,27.5,74.0,,,,,9.0
2026-01-01 05:38:37+00:00,13,0.0212,27.5,73.0,,,,,9.0
2026-01-01 05:38:57+00:00,14,0.0212,27.5,72.0,,,,,9.0
2026-01-01 05:39:18+00:00,15,0.0212,27.5,72.0,,,,,9.0
2026-01-01 05:39:37+00:00,16,0.0212,27.5,73.0,,,,,9.0
2026-01-01 05:39:58+00:00,17,0.0212,27.5,73.0,,,,,9.0
2026-01-01 05:40:18+00:00,18,0.0187,27.5,72.0,,,,,10.0
2026-01-01 05:40:37+00:00,19,0.0212,27.5,72.0,,,,,9.0
2026-01-01 05:40:58+00:00,20,0.0212,27.5,72.0,,,,,9.0
2026-01-01 05:41:18+00:00,21,0.0176,27.5,71.0,,,,,10.0
2026-01-01 05:41:38+00:00,22,0.0212,27.4,71.0,,,,,9.0
2026-01-01 05:41:58+00:00,23,0.0187,27.4,70.0,,,,,10.0
2026-01-01 05:42:18+00:00,24,0.02,27.4,71.0,,,,,9.0
2026-01-01 05:42:38+00:00,25,0.0176,27.4,70.0,,,,,10.0
2026-01-01 05:42:58+00:00,26,0.0187,27.4,71.0,,,,,10.0
2026-01-01 05:43:19+00:00,27,0.02,27.4,71.0,,,,,9.0
2026-01-01 05:43:39+00:00,28,0.0154,27.4,72.0,,,,,10.0
2026-01-01 05:43:59+00:00,29,0.0187,27.4,73.0,,,,,10.0
2026-01-01 05:44:19+00:00,30,0.0187,27.4,73.0,,,,,10.0
2026-01-01 05:44:39+00:00,31,0.02,27.4,73.0,,,,,9.0
2026-01-01 05:44:59+00:00,32,0.0212,27.4,73.0,,,,,9.0
2026-01-01 05:45:19+00:00,33,0.0212,27.4,75.0,,,,,9.0
2026-01-01 05:45:39+00:00,34,0.0212,27.4,73.0,,,,,9.0
2026-01-01 05:45:59+00:00,35,0.0212,27.4,72.0,,,,,9.0
2026-01-01 05:46:19+00:00,36,0.0212,27.4,72.0,,,,,9.0
2026-01-01 05:46:39+00:00,37,0.02,27.4,74.0,,,,,9.0
2026-01-01 05:46:59+00:00,38,0.0212,27.4,75.0,,,,,9.0
2026-01-01 05:47:19+00:00,39,0.0212,27.4,76.0,,,,,9.0
2026-01-01 05:47:39+00:00,40,0.0212,27.5,76.0,,,,,9.0
2026-01-01 05:47:59+00:00,41,0.0212,27.4,74.0,,,,,9.0
2026-01-01 05:48:20+00:00,42,0.0212,27.4,75.0,,,,,9.0
2026-01-01 05:48:40+00:00,43,0.0212,27.4,75.0,,,,,9.0
2026-01-01 05:49:00+00:00,44,0.0226,27.4,76.0,,,,,9.0
2026-01-01 05:49:20+00:00,45,0.0226,27.5,77.0,,,,,9.0
2026-01-01 05:49:40+00:00,46,0.0212,27.5,74.0,,,,,9.0
2026-01-01 05:50:00+00:00,47,0.0212,27.5,74.0,,,,,9.0
2026-01-01 05:50:20+00:00,48,0.0226,27.5,73.0,,,,,9.0
2026-01-01 05:50:40+00:00,49,0.0212,27.5,73.0,,,,,9.0
2026-01-01 05:51:00+00:00,50,0.0212,27.4,71.0,,,,,9.0
2026-01-01 05:51:20+00:00,51,0.0212,27.4,71.0,,,,,9.0
2026-01-01 05:51:40+00:00,52,0.0212,27.6,77.0,,,,,9.0
2026-01-01 05:52:01+00:00,53,0.0226,27.4,78.0,,,,,9.0
2026-01-01 05:52:20+00:00,54,0.0212,27.5,77.0,,,,,9.0
2026-01-01 05:52:41+00:00,55,0.0226,27.5,79.0,,,,,9.0
2026-01-01 05:53:01+00:00,56,0.0226,27.5,77.0,,,,,9.0
2026-01-01 05:53:21+00:00,57,0.0226,27.5,78.0,,,,,9.0
2026-01-01 05:53:41+00:00,58,0.0226,27.5,79.0,,,,,9.0
2026-01-01 05:54:01+00:00,59,0.0226,27.5,79.0,,,,,9.0
2026-01-01 05:54:21+00:00,60,0.02,27.5,79.0,,,,,9.0
2026-01-01 05:54:41+00:00,61,0.0212,27.5,79.0,,,,,9.0
2026-01-01 05:55:01+00:00,62,0.0226,27.5,79.0,,,,,9.0
2026-01-01 05:55:21+00:00,63,0.0212,27.5,79.0,,,,,9.0
2026-01-01 05:55:41+00:00,64,0.0212,27.5,79.0,,,,,9.0
2026-01-02 05:38:58+00:00,66,0.2985,27.3,72.0,,,,,0.0
2026-01-02 05:39:19+00:00,67,0.1734,27.5,74.0,,,,,0.0
2026-01-02 05:39:39+00:00,68,0.1145,27.5,73.0,,,,,2.0
2026-01-02 05:39:59+00:00,69,0.0714,27.6,72.0,,,,,5.0
2026-01-02 05:40:19+00:00,70,0.0745,27.7,72.0,,,,,5.0
2026-01-02 05:40:39+00:00,71,0.0574,27.7,72.0,,,,,6.0
2026-01-02 05:41:00+00:00,72,0.05,27.7,71.0,,,,,6.0
2026-01-02 05:41:19+00:00,73,0.0392,27.9,71.0,,,,,8.0
2026-01-02 05:41:39+00:00,74,0.0412,27.9,71.0,,,,,7.0
2026-01-02 05:42:00+00:00,75,0.0335,28.0,72.0,,,,,8.0
2026-01-02 05:42:19+00:00,76,0.0335,27.9,70.0,,,,,8.0
2026-01-02 05:42:39+00:00,77,0.0372,27.9,70.0,,,,,8.0
2026-01-02 05:43:00+00:00,78,0.0318,27.9,70.0,,,,,8.0
2026-01-02 05:43:19+00:00,79,0.0372,28.0,71.0,,,,,8.0
2026-01-02 05:43:39+00:00,80,0.0335,28.0,71.0,,,,,8.0
2026-01-02 05:44:01+00:00,81,0.0412,28.0,71.0,,,,,7.0
2026-01-02 05:44:20+00:00,82,0.0335,28.0,70.0,,,,,8.0
2026-01-02 05:44:40+00:00,83,0.0372,28.0,70.0,,,,,8.0
2026-01-02 05:45:00+00:00,84,0.0301,28.0,71.0,,,,,8.0
2026-01-02 05:45:20+00:00,85,0.0318,27.9,70.0,,,,,8.0
2026-01-02 05:45:40+00:00,86,0.0269,27.9,70.0,,,,,9.0
2026-01-02 05:47:17+00:00,87,0.0392,27.9,70.0,,,,,8.0
2026-01-02 05:47:37+00:00,88,0.0285,28.0,71.0,,,,,9.0
2026-01-02 05:47:57+00:00,89,0.0392,28.0,71.0,,,,,8.0
2026-01-02 05:48:18+00:00,90,0.0318,28.3,70.0,,,,,8.0
2026-01-02 05:48:37+00:00,91,0.0212,28.4,69.0,,,,,9.0
2026-01-02 05:48:57+00:00,92,0.0226,28.5,68.0,,,,,9.0
2026-01-02 05:49:17+00:00,93,0.02,28.4,68.0,,,,,9.0
2026-01-02 05:49:38+00:00,94,0.0176,28.4,68.0,,,,,10.0
2026-01-02 05:49:58+00:00,95,0.0165,28.4,68.0,,,,,10.0
2026-01-02 05:50:18+00:00,96,0.0165,28.5,68.0,,,,,10.0
2026-01-02 05:50:38+00:00,97,0.0176,27.8,68.0,,,,,10.0
2026-01-02 05:50:58+00:00,98,0.0165,28.4,69.0,,,,,10.0
2026-01-02 05:51:18+00:00,99,0.0165,28.3,69.0,,,,,10.0
2026-01-02 05:51:38+00:00,100,0.0154,28.4,70.0,,,,,10.0
2026-01-02 05:51:58+00:00,101,0.0212,28.3,69.0,,,,,9.0
2026-01-02 05:52:18+00:00,102,0.02,28.3,69.0,,,,,9.0
2026-01-02 05:52:38+00:00,103,0.0187,28.5,69.0,,,,,10.0
2026-01-02 05:52:58+00:00,104,0.0212,28.3,69.0,,,,,9.0
2026-01-02 05:53:18+00:00,105,0.0212,28.3,69.0,,,,,9.0
2026-01-02 05:53:40+00:00,106,0.0212,28.3,69.0,,,,,9.0
2026-01-02 05:53:58+00:00,107,0.0134,28.3,69.0,,,,,10.0
2026-01-02 05:54:18+00:00,108,0.0125,28.0,69.0,,,,,10.0
2026-01-02 05:54:39+00:00,109,0.0187,28.0,69.0,,,,,10.0
2026-01-02 05:55:01+00:00,110,0.0165,28.3,69.0,,,,,10.0
2026-01-02 05:55:19+00:00,111,0.0176,28.2,69.0,,,,,10.0
2026-01-02 05:55:39+00:00,112,0.0165,28.3,69.0,,,,,10.0
2026-01-02 05:55:59+00:00,113,0.0685,28.2,69.0,,,,,6.0
2026-01-02 05:56:23+00:00,114,0.1188,28.9,69.0,,,,,2.0
2026-01-02 05:56:42+00:00,115,0.1518,28.2,69.0,,,,,0.0
2026-01-02 05:56:59+00:00,116,0.1322,28.2,70.0,,,,,1.0
2026-01-02 05:57:19+00:00,117,0.1623,28.2,70.0,,,,,0.0
2026-01-02 05:57:39+00:00,118,0.0842,28.2,70.0,,,,,4.0
2026-01-02 05:58:00+00:00,119,0.0354,28.3,70.0,,,,,8.0
2026-01-02 05:58:20+00:00,120,0.024,28.2,71.0,,,,,9.0
2026-01-02 05:58:40+00:00,121,0.0187,28.2,71.0,,,,,10.0
2026-01-02 05:59:00+00:00,122,0.02,28.1,71.0,,,,,9.0
2026-01-02 05:59:20+00:00,123,0.0187,28.2,72.0,,,,,10.0
2026-01-02 05:59:40+00:00,124,0.0165,28.2,71.0,,,,,10.0
2026-01-02 06:00:00+00:00,125,0.0165,27.9,70.0,,,,,10.0
2026-01-02 06:00:20+00:00,126,0.0154,28.2,71.0,,,,,10.0
2026-01-02 06:00:41+00:00,127,0.0165,28.2,71.0,,,,,10.0
2026-01-02 06:01:00+00:00,128,0.0125,28.2,71.0,,,,,10.0
2026-01-02 06:01:20+00:00,129,0.0154,28.3,72.0,,,,,10.0
2026-01-02 06:01:41+00:00,130,0.0154,28.3,71.0,,,,,10.0
2026-01-02 06:02:01+00:00,131,0.0116,28.3,71.0,,,,,10.0
2026-01-02 06:02:21+00:00,132,0.0165,28.2,70.0,,,,,10.0
2026-01-02 06:02:41+00:00,133,0.0144,28.3,72.0,,,,,10.0
2026-01-02 06:03:01+00:00,134,0.0187,28.3,71.0,,,,,10.0
2026-01-02 06:03:21+00:00,135,0.0165,28.3,71.0,,,,,10.0
2026-01-02 06:03:41+00:00,136,0.0165,28.4,71.0,,,,,10.0
2026-01-02 06:04:01+00:00,137,0.0165,28.3,70.0,,,,,10.0
2026-01-02 06:04:21+00:00,138,0.0144,28.3,70.0,,,,,10.0
2026-01-02 06:04:42+00:00,139,0.0144,28.3,71.0,,,,,10.0
2026-01-02 06:05:01+00:00,140,0.0134,28.3,70.0,,,,,10.0
2026-01-02 06:05:21+00:00,141,0.0187,28.3,70.0,,,,,10.0
2026-01-02 06:05:41+00:00,142,0.0144,28.3,71.0,,,,,10.0
2026-01-02 06:06:01+00:00,143,0.0176,28.3,71.0,,,,,10.0
2026-01-02 06:06:21+00:00,144,0.02,28.4,71.0,,,,,9.0
2026-01-02 06:06:41+00:00,145,0.02,28.4,71.0,,,,,9.0
2026-01-02 06:07:01+00:00,146,0.02,28.5,71.0,,,,,9.0
2026-01-02 06:07:22+00:00,147,0.0176,28.5,71.0,,,,,10.0
2026-01-02 06:07:42+00:00,148,0.0187,28.4,71.0,,,,,10.0
2026-01-02 06:08:02+00:00,149,0.02,28.4,70.0,,,,,9.0
2026-01-02 06:08:22+00:00,150,0.0165,28.4,70.0,,,,,10.0
2026-01-02 06:08:42+00:00,151,0.0165,28.5,71.0,,,,,10.0
2026-01-02 06:09:02+00:00,152,0.0165,28.5,70.0,,,,,10.0
2026-01-02 06:09:23+00:00,153,0.0144,28.5,70.0,,,,,10.0
2026-01-02 06:09:42+00:00,154,0.0125,28.5,70.0,,,,,10.0
2026-01-02 06:10:02+00:00,155,0.0125,28.5,70.0,,,,,10.0
2026-01-02 06:10:22+00:00,156,0.0144,28.5,70.0,,,,,10.0
2026-01-02 06:10:42+00:00,157,0.0085,28.5,69.0,,,,,10.0
2026-01-02 06:11:02+00:00,158,0.0134,28.4,70.0,,,,,10.0
2026-01-02 06:11:23+00:00,159,0.0134,28.3,70.0,,,,,10.0
2026-01-02 06:11:43+00:00,160,0.0134,28.5,69.0,,,,,10.0
2026-01-02 06:12:03+00:00,161,0.0134,28.5,69.0,,,,,10.0
2026-01-02 06:12:23+00:00,162,0.0134,28.5,69.0,,,,,10.0
2026-01-02 06:12:43+00:00,163,0.0092,28.5,70.0,,,,,10.0
2026-01-02 06:13:03+00:00,164,0.0107,28.4,70.0,,,,,10.0
2026-01-02 06:13:23+00:00,165,0.0134,28.4,70.0,,,,,10.0
2026-01-02 06:13:44+00:00,166,0.0134,28.4,69.0,,,,,10.0
2026-01-02 06:14:03+00:00,167,0.0116,28.4,69.0,,,,,10.0
2026-01-02 06:14:23+00:00,168,0.0134,28.4,69.0,,,,,10.0
2026-01-02 06:14:44+00:00,169,0.0134,28.3,70.0,,,,,10.0
2026-01-02 06:15:04+00:00,170,0.0134,28.3,70.0,,,,,10.0
2026-01-02 06:15:24+00:00,171,0.0078,28.3,70.0,,,,,10.0
2026-01-02 06:15:43+00:00,172,0.0116,28.3,70.0,,,,,10.0
2026-01-02 06:16:04+00:00,173,0.0125,28.3,71.0,,,,,10.0
2026-01-02 06:16:24+00:00,174,0.0134,28.3,71.0,,,,,10.0
2026-01-02 06:16:44+00:00,175,0.0125,28.3,71.0,,,,,10.0
2026-01-02 06:17:04+00:00,176,0.0134,28.3,71.0,,,,,10.0
2026-01-02 06:17:24+00:00,177,0.0125,28.3,71.0,,,,,10.0
2026-01-02 06:17:45+00:00,178,0.0125,28.3,71.0,,,,,10.0
2026-01-02 06:18:04+00:00,179,0.0134,28.3,71.0,,,,,10.0
2026-01-02 06:18:24+00:00,180,0.0099,28.3,71.0,,,,,10.0
2026-01-02 06:18:44+00:00,181,0.0116,28.3,71.0,,,,,10.0
2026-01-02 06:19:04+00:00,182,0.0134,28.4,71.0,,,,,10.0
2026-01-02 06:19:25+00:00,183,0.0134,28.3,72.0,,,,,10.0
2026-01-02 06:19:45+00:00,184,0.0134,28.4,72.0,,,,,10.0
2026-01-02 06:20:05+00:00,185,0.0134,28.3,72.0,,,,,10.0
2026-01-02 06:20:25+00:00,186,0.0134,28.3,71.0,,,,,10.0
2026-01-02 06:20:45+00:00,187,0.0134,28.3,71.0,,,,,10.0
2026-01-02 06:21:06+00:00,188,0.0154,28.4,71.0,,,,,10.0
2026-01-02 06:21:25+00:00,189,0.0116,28.4,71.0,,,,,10.0
2026-01-02 06:21:45+00:00,190,0.0144,28.4,71.0,,,,,10.0
2026-01-02 06:22:09+00:00,191,0.0134,28.4,71.0,,,,,10.0
2026-01-02 06:22:26+00:00,192,0.0144,28.3,71.0,,,,,10.0
2026-01-02 06:22:46+00:00,193,0.0144,28.3,71.0,,,,,10.0
2026-01-02 06:23:06+00:00,194,0.0134,28.4,71.0,,,,,10.0
2026-01-02 06:23:26+00:00,195,0.0134,28.3,71.0,,,,,10.0
2026-01-02 06:23:46+00:00,196,0.0134,28.3,71.0,,,,,10.0
2026-01-02 06:24:06+00:00,197,0.0107,28.3,71.0,,,,,10.0
2026-01-02 06:24:26+00:00,198,0.0134,28.3,71.0,,,,,10.0
2026-01-02 06:24:47+00:00,199,0.0134,28.3,71.0,,,,,10.0
2026-01-02 06:25:06+00:00,200,0.0125,28.4,71.0,,,,,10.0
2026-01-02 06:25:26+00:00,201,0.0134,28.2,71.0,,,,,10.0
2026-01-02 06:25:47+00:00,202,0.0125,28.3,71.0,,,,,10.0
2026-01-02 06:26:07+00:00,203,0.0125,28.3,71.0,,,,,10.0
2026-01-02 06:26:27+00:00,204,0.0134,28.3,70.0,,,,,10.0
2026-01-02 06:26:47+00:00,205,0.0125,28.3,70.0,,,,,10.0
2026-01-02 06:27:07+00:00,206,0.0134,28.3,69.0,,,,,10.0
2026-01-02 06:27:28+00:00,207,0.0134,28.3,69.0,,,,,10.0
2026-01-02 06:27:47+00:00,208,0.0125,28.3,70.0,,,,,10.0
2026-01-02 06:28:08+00:00,209,0.0134,28.3,70.0,,,,,10.0
2026-01-02 06:28:27+00:00,210,0.0134,28.3,70.0,,,,,10.0
2026-01-02 06:28:48+00:00,211,0.0125,28.6,71.0,,,,,10.0
2026-01-02 06:29:08+00:00,212,0.0116,28.3,71.0,,,,,10.0
2026-01-02 06:29:28+00:00,213,0.0134,28.3,71.0,,,,,10.0
2026-01-02 06:29:48+00:00,214,0.0125,28.2,72.0,,,,,10.0
2026-01-02 06:30:29+00:00,215,0.0116,28.3,73.0,,,,,10.0
2026-01-02 06:30:48+00:00,216,0.0107,28.9,73.0,,,,,10.0
2026-01-02 06:31:08+00:00,217,0.0125,28.4,73.0,,,,,10.0
2026-01-02 06:31:28+00:00,218,0.0134,28.3,72.0,,,,,10.0
2026-01-02 06:31:50+00:00,219,0.0134,28.5,73.0,,,,,10.0
2026-01-02 06:32:08+00:00,220,0.0134,28.3,73.0,,,,,10.0
2026-01-02 06:32:29+00:00,221,0.0134,28.2,73.0,,,,,10.0
2026-01-02 06:32:49+00:00,222,0.0134,28.3,73.0,,,,,10.0
2026-01-02 06:33:08+00:00,223,0.0134,28.3,73.0,,,,,10.0
2026-01-02 06:33:29+00:00,224,0.0134,28.3,73.0,,,,,10.0
2026-01-02 06:33:49+00:00,225,0.0134,28.3,73.0,,,,,10.0
2026-01-02 06:34:09+00:00,226,0.0134,28.3,73.0,,,,,10.0
2026-01-02 06:34:29+00:00,227,0.0134,28.3,73.0,,,,,10.0
2026-01-02 06:34:49+00:00,228,0.0134,28.3,73.0,,,,,10.0
2026-01-02 06:35:10+00:00,229,0.0134,28.2,73.0,,,,,10.0
2026-01-02 06:35:29+00:00,230,0.0125,28.3,73.0,,,,,10.0
2026-01-02 06:35:49+00:00,231,0.0125,28.3,73.0,,,,,10.0
2026-01-02 06:36:09+00:00,232,0.0134,28.3,73.0,,,,,10.0
2026-01-02 06:36:29+00:00,233,0.0134,28.5,74.0,,,,,10.0
2026-01-02 06:36:49+00:00,234,0.0144,28.3,74.0,,,,,10.0
2026-01-02 06:37:09+00:00,235,0.0134,28.3,74.0,,,,,10.0
2026-01-02 06:37:31+00:00,236,0.0144,28.2,74.0,,,,,10.0
2026-01-02 06:37:49+00:00,237,0.0134,28.3,74.0,,,,,10.0
2026-01-02 06:38:10+00:00,238,0.0144,28.3,74.0,,,,,10.0
2026-01-02 06:38:30+00:00,239,0.0144,28.8,75.0,,,,,10.0
2026-01-02 06:38:51+00:00,240,0.0134,28.2,75.0,,,,,10.0
2026-01-02 06:39:10+00:00,241,0.0125,28.3,75.0,,,,,10.0
2026-01-02 06:39:30+00:00,242,0.0134,28.2,75.0,,,,,10.0
2026-01-02 06:39:51+00:00,243,0.0134,28.2,74.0,,,,,10.0
2026-01-02 06:40:13+00:00,244,0.0116,28.3,75.0,,,,,10.0
2026-01-02 06:40:30+00:00,245,0.0144,28.3,75.0,,,,,10.0
2026-01-03 05:49:01+00:00,247,0.2163,27.3,77.0,,,,,0.0
2026-01-03 05:49:21+00:00,248,0.0912,27.3,76.0,,,,,3.0
2026-01-03 05:50:29+00:00,249,0.0285,27.3,76.0,,,,,9.0
2026-01-03 05:50:50+00:00,250,0.0187,27.4,75.0,,,,,10.0
2026-01-03 05:51:09+00:00,251,0.0212,27.3,75.0,,,,,9.0
2026-01-03 05:51:30+00:00,252,0.0187,27.4,76.0,,,,,10.0
2026-01-03 05:51:50+00:00,253,0.0165,27.4,76.0,,,,,10.0
2026-01-03 05:52:10+00:00,254,0.0165,27.4,76.0,,,,,10.0
2026-01-03 05:52:30+00:00,255,0.0165,27.4,76.0,,,,,10.0
2026-01-03 05:52:46+00:00,256,0.0154,27.4,76.0,,,,,10.0
2026-01-03 05:53:06+00:00,257,0.0154,27.4,76.0,,,,,10.0
2026-01-03 05:53:25+00:00,258,0.0134,27.4,75.0,,,,,10.0
2026-01-03 05:53:45+00:00,259,0.0144,27.4,75.0,,,,,10.0
2026-01-03 05:54:05+00:00,260,0.0134,27.4,75.0,,,,,10.0
2026-01-03 05:54:26+00:00,261,0.0154,27.4,75.0,,,,,10.0
2026-01-03 05:54:46+00:00,262,0.0226,27.4,76.0,,,,,9.0
2026-01-03 05:55:06+00:00,263,0.0187,27.4,73.0,,,,,10.0
2026-01-03 05:55:26+00:00,264,0.0176,27.4,76.0,,,,,10.0
2026-01-03 05:55:46+00:00,265,0.0165,27.4,76.0,,,,,10.0
2026-01-03 05:56:06+00:00,266,0.0165,27.5,75.0,,,,,10.0
2026-01-03 05:56:26+00:00,267,0.0187,27.5,75.0,,,,,10.0
2026-01-03 05:56:47+00:00,268,0.0176,27.4,75.0,,,,,10.0
2026-01-03 05:57:06+00:00,269,0.0144,27.4,75.0,,,,,10.0
2026-01-03 05:57:26+00:00,270,0.0187,27.4,75.0,,,,,10.0
2026-01-03 05:57:46+00:00,271,0.0187,27.4,75.0,,,,,10.0
2026-01-03 05:58:06+00:00,272,0.0187,27.4,75.0,,,,,10.0
2026-01-03 05:58:26+00:00,273,0.0165,27.4,75.0,,,,,10.0
2026-01-03 05:58:47+00:00,274,0.0134,27.3,75.0,,,,,10.0
2026-01-03 05:59:06+00:00,275,0.0176,27.2,76.0,,,,,10.0
2026-01-03 05:59:27+00:00,276,0.0176,27.1,77.0,,,,,10.0
2026-01-03 05:59:46+00:00,277,0.0165,27.0,77.0,,,,,10.0
2026-01-03 06:00:07+00:00,278,0.0176,27.0,77.0,,,,,10.0
2026-01-03 06:00:27+00:00,279,0.0176,27.0,77.0,,,,,10.0
2026-01-03 06:00:47+00:00,280,0.0187,27.0,78.0,,,,,10.0
2026-01-03 06:01:08+00:00,281,0.0187,27.0,78.0,,,,,10.0
2026-01-03 06:01:27+00:00,282,0.0187,27.0,77.0,,,,,10.0
2026-01-03 06:01:47+00:00,283,0.0187,27.1,77.0,,,,,10.0
2026-01-03 06:02:07+00:00,284,0.0187,27.1,77.0,,,,,10.0
2026-01-03 06:02:27+00:00,285,0.0187,27.1,77.0,,,,,10.0
2026-01-03 06:02:48+00:00,286,0.0176,27.2,77.0,,,,,10.0
2026-01-03 06:03:07+00:00,287,0.0187,27.0,76.0,,,,,10.0
2026-01-03 06:03:27+00:00,288,0.0176,27.2,77.0,,,,,10.0
2026-01-03 06:03:50+00:00,289,0.0176,27.2,76.0,,,,,10.0
2026-01-03 06:04:08+00:00,290,0.0165,27.2,76.0,,,,,10.0
2026-01-03 06:04:28+00:00,291,0.0212,27.2,77.0,,,,,9.0
2026-01-03 06:04:48+00:00,292,0.0212,27.2,76.0,,,,,9.0
2026-01-03 06:05:08+00:00,293,0.024,27.3,76.0,,,,,9.0
2026-01-03 06:05:28+00:00,294,0.0187,27.1,76.0,,,,,10.0
2026-01-03 06:05:48+00:00,295,0.0154,27.0,78.0,,,,,10.0
2026-01-03 06:06:08+00:00,296,0.0144,26.9,77.0,,,,,10.0
2026-01-03 06:06:28+00:00,297,0.0134,26.9,78.0,,,,,10.0
2026-01-03 06:06:48+00:00,298,0.0134,26.8,78.0,,,,,10.0
2026-01-03 06:07:08+00:00,299,0.0134,26.9,78.0,,,,,10.0
2026-01-03 06:07:29+00:00,300,0.0134,26.9,77.0,,,,,10.0
2026-01-03 06:07:49+00:00,301,0.0134,26.9,78.0,,,,,10.0
2026-01-03 06:08:09+00:00,302,0.0144,27.0,77.0,,,,,10.0
2026-01-03 06:08:29+00:00,303,0.0144,27.0,77.0,,,,,10.0
2026-01-03 06:08:49+00:00,304,0.0144,27.1,77.0,,,,,10.0
2026-01-03 06:09:09+00:00,305,0.0144,27.1,77.0,,,,,10.0
2026-01-03 06:09:29+00:00,306,0.0144,27.1,77.0,,,,,10.0
2026-01-03 06:09:49+00:00,307,0.0134,27.3,77.0,,,,,10.0
2026-01-03 06:10:09+00:00,308,0.0134,27.1,77.0,,,,,10.0
2026-01-03 06:10:29+00:00,309,0.0144,27.2,77.0,,,,,10.0
2026-01-03 06:10:49+00:00,310,0.0144,27.2,76.0,,,,,10.0
2026-01-03 06:11:09+00:00,311,0.0134,27.2,76.0,,,,,10.0
2026-01-03 06:11:30+00:00,312,0.0134,27.3,77.0,,,,,10.0
2026-01-03 06:11:49+00:00,313,0.0125,27.3,76.0,,,,,10.0
2026-01-03 06:12:09+00:00,314,0.0144,27.3,76.0,,,,,10.0
2026-01-03 06:12:30+00:00,315,0.0125,27.3,76.0,,,,,10.0
2026-01-03 06:12:50+00:00,316,0.0107,27.3,76.0,,,,,10.0
2026-01-03 06:13:10+00:00,317,0.0134,27.3,77.0,,,,,10.0
2026-01-03 06:13:30+00:00,318,0.0144,27.3,77.0,,,,,10.0
2026-01-03 06:13:49+00:00,319,0.0134,27.3,78.0,,,,,10.0
2026-01-03 06:14:10+00:00,320,0.0116,27.3,77.0,,,,,10.0
2026-01-03 06:14:30+00:00,321,0.0125,27.3,76.0,,,,,10.0
2026-01-03 06:14:50+00:00,322,0.0078,27.3,76.0,,,,,10.0
2026-01-03 06:15:10+00:00,323,0.0116,27.3,76.0,,,,,10.0
2026-01-03 06:15:30+00:00,324,0.0065,27.4,76.0,,,,,10.0
2026-01-03 06:15:50+00:00,325,0.0125,27.4,76.0,,,,,10.0
2026-01-03 06:16:10+00:00,326,0.0116,27.4,76.0,,,,,10.0
2026-01-03 06:16:30+00:00,327,0.0116,27.4,77.0,,,,,10.0
2026-01-03 06:16:50+00:00,328,0.0116,27.4,76.0,,,,,10.0
2026-01-03 06:17:11+00:00,329,0.0107,27.4,76.0,,,,,10.0
2026-01-03 06:17:30+00:00,330,0.0054,27.4,76.0,,,,,10.0
2026-01-03 06:17:51+00:00,331,0.0116,27.4,76.0,,,,,10.0
2026-01-03 06:18:11+00:00,332,0.0071,27.4,75.0,,,,,10.0
2026-01-03 06:18:31+00:00,333,0.0099,27.4,75.0,,,,,10.0
2026-01-03 06:18:51+00:00,334,0.0085,27.4,75.0,,,,,10.0
2026-01-03 06:19:11+00:00,335,0.0107,27.4,75.0,,,,,10.0
2026-01-03 06:19:31+00:00,336,0.0092,27.4,75.0,,,,,10.0
2026-01-03 06:19:52+00:00,337,0.0099,27.4,75.0,,,,,10.0
2026-01-03 06:20:11+00:00,338,0.0092,27.4,75.0,,,,,10.0
2026-01-03 06:20:31+00:00,339,0.0099,27.4,76.0,,,,,10.0
2026-01-03 06:20:52+00:00,340,0.0099,27.4,75.0,,,,,10.0
2026-01-03 06:21:12+00:00,341,0.0099,27.4,75.0,,,,,10.0
2026-01-03 06:22:13+00:00,342,0.0116,27.5,76.0,,,,,10.0
2026-01-03 06:22:33+00:00,343,0.0116,27.5,78.0,,,,,10.0
2026-01-03 06:22:54+00:00,344,0.0116,27.9,78.0,,,,,10.0
2026-01-03 06:23:14+00:00,345,0.0125,28.1,78.0,,,,,10.0
2026-01-03 06:23:34+00:00,346,0.0085,28.3,73.0,,,,,10.0
2026-01-03 06:23:54+00:00,347,0.0125,28.1,73.0,,,,,10.0
2026-01-03 06:24:14+00:00,348,0.0125,27.9,72.0,,,,,10.0
2026-01-03 06:24:34+00:00,349,0.0125,27.8,73.0,,,,,10.0
2026-01-03 06:24:54+00:00,350,0.0125,27.6,73.0,,,,,10.0
2026-01-03 06:25:15+00:00,351,0.0125,27.5,74.0,,,,,10.0
2026-01-03 06:25:34+00:00,352,0.0134,27.4,74.0,,,,,10.0
2026-01-03 06:25:54+00:00,353,0.0125,27.4,76.0,,,,,10.0
2026-01-03 06:26:15+00:00,354,0.0125,27.3,75.0,,,,,10.0
2026-01-03 06:26:35+00:00,355,0.0125,27.3,75.0,,,,,10.0
2026-01-03 06:26:54+00:00,356,0.0125,27.2,75.0,,,,,10.0
2026-01-03 06:27:16+00:00,357,0.0125,27.1,76.0,,,,,10.0
2026-01-03 06:27:35+00:00,358,0.0085,27.1,76.0,,,,,10.0
2026-01-03 06:27:55+00:00,359,0.0125,27.1,76.0,,,,,10.0
2026-01-03 06:28:15+00:00,360,0.0125,27.1,76.0,,,,,10.0
2026-01-03 06:28:35+00:00,361,0.0125,27.0,76.0,,,,,10.0
2026-01-03 06:28:55+00:00,362,0.0125,27.1,76.0,,,,,10.0
2026-01-03 06:29:15+00:00,363,0.0116,27.0,76.0,,,,,10.0
2026-01-03 06:29:55+00:00,364,0.0125,27.1,76.0,,,,,10.0
2026-01-03 06:30:15+00:00,365,0.0125,27.1,76.0,,,,,10.0
2026-01-03 06:30:36+00:00,366,0.0125,27.1,76.0,,,,,10.0
2026-01-03 06:30:56+00:00,367,0.0107,27.1,76.0,,,,,10.0
2026-01-03 06:31:15+00:00,368,0.0116,27.2,76.0,,,,,10.0
2026-01-03 06:31:37+00:00,369,0.0125,27.2,76.0,,,,,10.0
2026-01-03 06:31:55+00:00,370,0.0125,27.2,76.0,,,,,10.0
2026-01-03 06:32:16+00:00,371,0.0125,27.2,76.0,,,,,10.0
2026-01-03 06:32:36+00:00,372,0.0125,27.2,75.0,,,,,10.0
2026-01-03 06:32:56+00:00,373,0.0107,27.2,75.0,,,,,10.0
2026-01-03 06:33:16+00:00,374,0.0099,27.2,74.0,,,,,10.0
2026-01-03 06:33:37+00:00,375,0.0125,27.2,74.0,,,,,10.0
2026-01-03 06:33:56+00:00,376,0.0085,27.1,74.0,,,,,10.0
2026-01-03 06:34:16+00:00,377,0.0125,27.0,74.0,,,,,10.0
2026-01-03 06:34:36+00:00,378,0.0125,27.0,75.0,,,,,10.0
2026-01-03 06:34:56+00:00,379,0.0107,26.9,75.0,,,,,10.0
2026-01-03 06:35:16+00:00,380,0.0125,27.2,75.0,,,,,10.0
2026-01-03 06:35:36+00:00,381,0.0125,26.9,75.0,,,,,10.0
2026-01-03 06:35:57+00:00,382,0.0116,26.8,75.0,,,,,10.0
2026-01-03 06:36:17+00:00,383,0.0107,26.6,75.0,,,,,10.0
2026-01-03 06:36:38+00:00,384,0.0116,26.8,75.0,,,,,10.0
2026-01-03 06:36:59+00:00,385,0.0125,26.8,76.0,,,,,10.0
2026-01-03 06:37:17+00:00,386,0.0125,26.7,76.0,,,,,10.0
2026-01-03 06:37:37+00:00,387,0.0116,26.7,76.0,,,,,10.0
2026-01-03 06:37:57+00:00,388,0.0116,26.6,76.0,,,,,10.0
2026-01-03 06:38:17+00:00,389,0.0116,26.6,76.0,,,,,10.0
2026-01-03 06:38:37+00:00,390,0.0125,26.6,76.0,,,,,10.0
2026-01-03 06:38:57+00:00,391,0.0125,26.6,76.0,,,,,10.0
2026-01-03 06:39:18+00:00,392,0.0125,26.6,76.0,,,,,10.0
2026-01-03 06:39:37+00:00,393,0.0116,26.7,76.0,,,,,10.0
2026-01-03 06:39:58+00:00,394,0.0125,26.7,76.0,,,,,10.0
2026-01-03 06:40:17+00:00,395,0.0125,26.7,76.0,,,,,10.0
2026-01-03 06:40:38+00:00,396,0.0125,26.6,76.0,,,,,10.0
2026-01-03 06:40:58+00:00,397,0.0116,26.6,76.0,,,,,10.0
2026-01-03 06:41:18+00:00,398,0.0125,26.6,76.0,,,,,10.0
2026-01-03 06:41:38+00:00,399,0.0107,26.7,75.0,,,,,10.0
2026-01-03 06:41:58+00:00,400,0.0107,26.5,75.0,,,,,10.0
2026-01-03 06:42:18+00:00,401,0.0107,26.7,75.0,,,,,10.0
2026-01-03 06:42:38+00:00,402,0.0107,26.5,75.0,,,,,10.0
2026-01-03 06:42:58+00:00,403,0.0107,26.6,75.0,,,,,10.0
2026-01-03 06:43:18+00:00,404,0.0116,26.8,75.0,,,,,10.0
2026-01-03 06:43:38+00:00,405,0.0116,26.7,75.0,,,,,10.0
2026-01-03 06:43:58+00:00,406,0.0125,26.7,75.0,,,,,10.0
2026-01-03 06:44:18+00:00,407,0.0125,26.7,75.0,,,,,10.0
2026-01-03 06:44:38+00:00,408,0.0125,26.6,76.0,,,,,10.0
2026-01-03 06:44:58+00:00,409,0.0125,26.7,76.0,,,,,10.0
2026-01-03 06:45:19+00:00,410,0.0125,26.6,75.0,,,,,10.0
2026-01-03 06:45:39+00:00,411,0.0116,26.7,75.0,,,,,10.0
2026-01-03 06:45:59+00:00,412,0.0125,26.7,75.0,,,,,10.0
2026-01-03 06:46:20+00:00,413,0.0125,26.4,76.0,,,,,10.0
2026-01-03 06:46:39+00:00,414,0.0099,26.7,76.0,,,,,10.0
2026-01-03 06:46:59+00:00,415,0.0125,26.6,75.0,,,,,10.0
2026-01-03 06:47:20+00:00,416,0.0107,26.6,75.0,,,,,10.0
2026-01-03 06:47:39+00:00,417,0.0116,26.6,76.0,,,,,10.0
2026-01-03 06:47:59+00:00,418,0.0125,26.4,76.0,,,,,10.0
2026-01-03 06:48:19+00:00,419,0.0125,26.6,76.0,,,,,10.0
2026-01-03 06:48:40+00:00,420,0.0125,26.6,76.0,,,,,10.0
2026-01-03 06:49:00+00:00,421,0.0107,26.6,76.0,,,,,10.0
2026-01-03 06:49:20+00:00,422,0.0125,26.6,76.0,,,,,10.0
2026-01-03 06:50:14+00:00,423,0.0125,26.5,76.0,,,,,10.0
2026-01-03 06:50:34+00:00,424,0.0125,26.5,76.0,,,,,10.0
2026-01-03 06:50:54+00:00,425,0.0125,26.5,76.0,,,,,10.0
2026-01-03 06:51:14+00:00,426,0.0125,26.5,76.0,,,,,10.0
2026-01-03 06:51:34+00:00,427,0.0116,26.3,76.0,,,,,10.0
2026-01-03 06:51:54+00:00,428,0.0107,26.4,76.0,,,,,10.0
2026-01-03 06:52:14+00:00,429,0.0107,26.5,76.0,,,,,10.0
2026-01-03 06:52:35+00:00,430,0.0107,26.5,76.0,,,,,10.0
2026-01-03 06:52:55+00:00,431,0.0116,26.4,76.0,,,,,10.0
2026-01-03 06:53:15+00:00,432,0.0107,26.4,76.0,,,,,10.0
2026-01-03 06:53:35+00:00,433,0.0107,26.5,76.0,,,,,10.0
2026-01-03 06:53:55+00:00,434,0.0116,26.2,76.0,,,,,10.0
2026-01-03 06:54:15+00:00,435,0.0099,26.4,76.0,,,,,10.0
2026-01-03 06:54:35+00:00,436,0.0107,26.2,76.0,,,,,10.0
2026-01-03 06:54:55+00:00,437,0.0116,26.2,76.0,,,,,10.0
2026-01-03 06:55:15+00:00,438,0.0099,26.3,76.0,,,,,10.0
2026-01-03 06:55:35+00:00,439,0.0116,26.3,76.0,,,,,10.0
2026-01-03 06:55:55+00:00,440,0.0107,26.4,76.0,,,,,10.0
2026-01-03 06:56:15+00:00,441,0.0099,26.3,76.0,,,,,10.0
2026-01-03 06:56:35+00:00,442,0.0107,26.3,76.0,,,,,10.0
2026-01-03 06:56:56+00:00,443,0.0107,26.3,76.0,,,,,10.0
2026-01-03 06:57:16+00:00,444,0.0099,26.3,76.0,,,,,10.0
2026-01-03 06:57:36+00:00,445,0.0107,26.2,76.0,,,,,10.0
2026-01-03 06:57:56+00:00,446,0.0107,26.3,76.0,,,,,10.0
2026-01-03 06:58:16+00:00,447,0.0107,26.3,76.0,,,,,10.0
2026-01-03 06:58:36+00:00,448,0.0107,26.2,76.0,,,,,10.0
2026-01-03 06:58:56+00:00,449,0.0107,26.3,76.0,,,,,10.0
2026-01-03 06:59:16+00:00,450,0.0092,26.3,76.0,,,,,10.0
2026-01-03 06:59:36+00:00,451,0.0099,26.4,76.0,,,,,10.0
2026-01-03 06:59:56+00:00,452,0.0099,26.3,76.0,,,,,10.0
2026-01-03 07:00:16+00:00,453,0.0107,26.2,76.0,,,,,10.0
2026-01-03 07:00:37+00:00,454,0.0107,26.2,76.0,,,,,10.0
2026-01-03 07:00:57+00:00,455,0.0107,26.3,76.0,,,,,10.0
2026-01-03 07:01:17+00:00,456,0.0107,26.3,76.0,,,,,10.0
2026-01-03 07:01:37+00:00,457,0.0107,26.2,76.0,,,,,10.0
2026-01-03 07:01:57+00:00,458,0.0107,26.2,76.0,,,,,10.0
2026-01-03 07:02:17+00:00,459,0.0107,26.2,76.0,,,,,10.0
2026-01-03 07:02:37+00:00,460,0.0107,26.2,76.0,,,,,10.0
2026-01-03 07:02:57+00:00,461,0.0107,26.2,76.0,,,,,10.0
2026-01-03 07:03:17+00:00,462,0.0092,26.2,76.0,,,,,10.0
2026-01-03 07:03:37+00:00,463,0.0107,26.4,76.0,,,,,10.0
2026-01-03 07:03:58+00:00,464,0.0107,26.2,76.0,,,,,10.0
2026-01-03 07:04:17+00:00,465,0.0092,26.2,76.0,,,,,10.0
2026-01-03 07:04:37+00:00,466,0.0107,26.1,76.0,,,,,10.0
2026-01-03 07:04:58+00:00,467,0.0107,26.2,76.0,,,,,10.0
2026-01-03 07:05:18+00:00,468,0.0107,26.2,76.0,,,,,10.0
2026-01-03 07:05:38+00:00,469,0.0107,26.3,76.0,,,,,10.0
2026-01-03 07:05:58+00:00,470,0.0099,26.2,76.0,,,,,10.0
2026-01-03 07:06:18+00:00,471,0.0092,26.3,76.0,,,,,10.0
2026-01-03 07:06:38+00:00,472,0.0099,26.2,76.0,,,,,10.0
2026-01-03 07:06:58+00:00,473,0.0099,26.2,76.0,,,,,10.0
2026-01-03 07:07:18+00:00,474,0.0107,26.2,76.0,,,,,10.0
2026-01-03 07:07:38+00:00,475,0.0107,26.2,76.0,,,,,10.0
2026-01-03 07:07:58+00:00,476,0.0099,26.2,76.0,,,,,10.0
2026-01-03 07:08:19+00:00,477,0.0092,26.2,76.0,,,,,10.0
2026-01-03 07:08:39+00:00,478,0.0099,26.3,76.0,,,,,10.0
2026-01-03 07:08:59+00:00,479,0.0099,26.2,76.0,,,,,10.0
2026-01-03 07:09:19+00:00,480,0.0107,26.2,76.0,,,,,10.0
2026-01-03 07:09:39+00:00,481,0.0099,26.3,76.0,,,,,10.0
2026-01-03 07:09:59+00:00,482,0.0099,26.3,76.0,,,,,10.0
2026-01-03 07:10:19+00:00,483,0.0099,26.3,76.0,,,,,10.0
2026-01-03 07:10:39+00:00,484,0.0078,26.3,75.0,,,,,10.0
2026-01-03 07:11:41+00:00,485,0.0092,26.3,75.0,,,,,10.0
2026-01-03 07:12:02+00:00,486,0.0085,26.3,75.0,,,,,10.0
2026-01-03 07:12:22+00:00,487,0.0099,26.3,75.0,,,,,10.0
2026-01-03 07:12:41+00:00,488,0.0092,26.3,75.0,,,,,10.0
2026-01-03 07:13:02+00:00,489,0.0092,26.3,75.0,,,,,10.0
2026-01-03 07:13:22+00:00,490,0.0125,26.4,75.0,,,,,10.0
2026-01-03 07:13:42+00:00,491,0.0107,26.3,75.0,,,,,10.0
2026-01-03 07:14:02+00:00,492,0.0116,26.3,76.0,,,,,10.0
2026-01-03 07:14:22+00:00,493,0.0116,26.3,75.0,,,,,10.0
2026-01-03 07:14:42+00:00,494,0.0099,26.5,79.0,,,,,10.0
2026-01-03 07:15:02+00:00,495,0.0144,26.8,74.0,,,,,10.0
2026-01-03 07:15:22+00:00,496,0.0125,26.7,73.0,,,,,10.0
2026-01-03 07:15:42+00:00,497,0.0116,27.0,72.0,,,,,10.0
2026-01-03 07:16:03+00:00,498,0.0116,26.9,70.0,,,,,10.0
2026-01-03 07:16:23+00:00,499,0.0116,27.0,70.0,,,,,10.0
2026-01-03 07:16:43+00:00,500,0.0116,27.0,70.0,,,,,10.0
2026-01-03 07:17:03+00:00,501,0.0116,27.1,69.0,,,,,10.0
2026-01-03 07:17:23+00:00,502,0.0116,27.1,68.0,,,,,10.0
2026-01-03 07:18:15+00:00,503,0.0116,27.5,69.0,,,,,10.0
2026-01-03 07:18:35+00:00,504,0.0116,27.5,69.0,,,,,10.0
2026-01-03 07:18:55+00:00,505,0.0116,27.5,68.0,,,,,10.0
2026-01-03 07:19:15+00:00,506,0.0116,27.6,67.0,,,,,10.0
2026-01-03 07:19:35+00:00,507,0.0116,27.6,67.0,,,,,10.0
2026-01-03 07:19:55+00:00,508,0.0116,27.6,67.0,,,,,10.0
2026-01-03 07:20:15+00:00,509,0.0099,27.6,68.0,,,,,10.0
2026-01-03 07:20:35+00:00,510,0.0116,27.9,66.0,,,,,10.0
2026-01-03 07:20:55+00:00,511,0.0125,27.9,65.0,,,,,10.0
2026-01-03 07:21:15+00:00,512,0.0125,27.9,64.0,,,,,10.0
2026-01-03 07:21:35+00:00,513,0.0125,28.0,66.0,,,,,10.0
2026-01-03 07:21:56+00:00,514,0.0125,28.1,64.0,,,,,10.0
2026-01-03 07:22:15+00:00,515,0.0107,28.0,64.0,,,,,10.0
2026-01-03 07:22:36+00:00,516,0.0092,28.2,65.0,,,,,10.0
2026-01-03 07:22:56+00:00,517,0.0125,28.1,63.0,,,,,10.0
2026-01-03 07:23:16+00:00,518,0.0107,28.1,64.0,,,,,10.0
2026-01-03 07:23:36+00:00,519,0.0125,28.1,64.0,,,,,10.0
2026-01-03 07:23:56+00:00,520,0.0125,28.0,63.0,,,,,10.0
2026-01-03 07:24:16+00:00,521,0.0125,27.9,63.0,,,,,10.0
2026-01-03 07:24:36+00:00,522,0.0116,28.0,65.0,,,,,10.0
2026-01-03 07:24:56+00:00,523,0.0116,28.0,62.0,,,,,10.0
2026-01-03 07:25:16+00:00,524,0.0125,28.2,63.0,,,,,10.0
2026-01-03 07:26:13+00:00,525,0.0116,28.3,62.0,,,,,10.0
2026-01-03 07:26:33+00:00,526,0.0125,28.2,62.0,,,,,10.0
2026-01-03 07:26:53+00:00,527,0.0116,28.0,62.0,,,,,10.0
2026-01-03 07:27:14+00:00,528,0.0144,28.1,63.0,,,,,10.0
2026-01-03 07:27:34+00:00,529,0.0154,28.1,63.0,,,,,10.0
2026-01-03 07:27:54+00:00,530,0.0154,27.9,62.0,,,,,10.0
2026-01-03 07:28:14+00:00,531,0.0144,28.2,63.0,,,,,10.0
2026-01-03 07:28:34+00:00,532,0.0144,28.0,64.0,,,,,10.0
2026-01-03 07:28:54+00:00,533,0.0144,27.9,64.0,,,,,10.0
2026-01-03 07:29:14+00:00,534,0.0144,27.8,64.0,,,,,10.0
2026-01-03 07:29:34+00:00,535,0.0144,28.0,65.0,,,,,10.0
2026-01-03 07:29:54+00:00,536,0.0165,28.1,64.0,,,,,10.0
2026-01-03 07:30:14+00:00,537,0.0165,28.1,65.0,,,,,10.0
2026-01-03 07:30:34+00:00,538,0.0165,28.1,65.0,,,,,10.0
2026-01-03 07:30:54+00:00,539,0.0154,28.2,65.0,,,,,10.0
2026-01-03 07:31:15+00:00,540,0.0176,28.3,65.0,,,,,10.0
2026-01-03 07:31:35+00:00,541,0.0165,28.2,65.0,,,,,10.0
2026-01-03 07:31:54+00:00,542,0.0165,28.2,65.0,,,,,10.0
2026-01-03 07:32:15+00:00,543,0.0176,28.3,65.0,,,,,10.0
2026-01-03 07:32:35+00:00,544,0.0176,28.3,63.0,,,,,10.0
2026-01-03 07:32:55+00:00,545,0.0176,28.5,63.0,,,,,10.0
2026-01-03 07:33:15+00:00,546,0.0176,28.4,63.0,,,,,10.0
2026-01-03 07:33:35+00:00,547,0.0176,28.2,63.0,,,,,10.0
2026-01-03 07:33:55+00:00,548,0.0176,28.3,63.0,,,,,10.0
2026-01-03 07:34:15+00:00,549,0.0176,28.3,63.0,,,,,10.0
2026-01-03 07:34:35+00:00,550,0.0176,28.3,63.0,,,,,10.0
2026-01-03 07:34:55+00:00,551,0.0176,28.3,64.0,,,,,10.0
2026-01-03 07:35:15+00:00,552,0.0154,28.3,64.0,,,,,10.0
2026-01-03 07:35:35+00:00,553,0.0187,28.4,64.0,,,,,10.0
2026-01-03 07:35:55+00:00,554,0.02,28.2,63.0,,,,,9.0
2026-01-03 07:36:16+00:00,555,0.0187,28.5,63.0,,,,,10.0
2026-01-03 07:36:35+00:00,556,0.0154,28.5,63.0,,,,,10.0
2026-01-03 07:36:56+00:00,557,0.0187,28.4,62.0,,,,,10.0
2026-01-03 07:37:16+00:00,558,0.0187,28.5,62.0,,,,,10.0
2026-01-03 07:37:36+00:00,559,0.0187,28.5,62.0,,,,,10.0
2026-01-03 07:37:56+00:00,560,0.0154,28.5,61.0,,,,,10.0
2026-01-03 07:38:16+00:00,561,0.0125,28.3,62.0,,,,,10.0
2026-01-03 07:38:36+00:00,562,0.0125,28.4,61.0,,,,,10.0
2026-01-03 07:38:56+00:00,563,0.0125,28.5,61.0,,,,,10.0
2026-01-03 07:39:16+00:00,564,0.0125,28.0,63.0,,,,,10.0
2026-01-03 07:39:36+00:00,565,0.0125,28.3,63.0,,,,,10.0
2026-01-03 07:39:59+00:00,566,0.0125,28.0,62.0,,,,,10.0
2026-01-03 07:40:16+00:00,567,0.0125,27.9,62.0,,,,,10.0
2026-01-03 07:41:24+00:00,568,0.0107,27.8,62.0,,,,,10.0
2026-01-03 07:41:44+00:00,569,0.0125,27.6,64.0,,,,,10.0
2026-01-03 07:42:04+00:00,570,0.0107,27.5,65.0,,,,,10.0
2026-01-03 07:42:24+00:00,571,0.0134,27.4,66.0,,,,,10.0
2026-01-03 07:42:44+00:00,572,0.0125,27.3,66.0,,,,,10.0
2026-01-03 07:43:04+00:00,573,0.0125,27.3,66.0,,,,,10.0
2026-01-03 07:43:24+00:00,574,0.0125,27.2,67.0,,,,,10.0
2026-01-03 07:43:44+00:00,575,0.0125,27.2,68.0,,,,,10.0
2026-01-03 07:44:04+00:00,576,0.0125,27.1,68.0,,,,,10.0
2026-01-03 07:44:24+00:00,577,0.0125,27.1,68.0,,,,,10.0
2026-01-03 07:44:44+00:00,578,0.0125,27.0,68.0,,,,,10.0
2026-01-03 07:45:04+00:00,579,0.0125,27.0,68.0,,,,,10.0
2026-01-03 07:45:24+00:00,580,0.0125,27.0,69.0,,,,,10.0
2026-01-03 07:45:44+00:00,581,0.0134,26.9,69.0,,,,,10.0
2026-01-03 07:46:04+00:00,582,0.0125,26.9,69.0,,,,,10.0
2026-01-03 07:46:24+00:00,583,0.0125,27.0,69.0,,,,,10.0
2026-01-03 07:46:45+00:00,584,0.0125,26.9,70.0,,,,,10.0
2026-01-03 07:51:25+00:00,585,0.0099,26.7,71.0,,,,,10.0
2026-01-03 07:51:45+00:00,586,0.0107,26.8,71.0,,,,,10.0
2026-01-04 06:28:34+00:00,587,0.0335,26.8,71.0,,,,,8.0
2026-01-04 06:29:34+00:00,588,0.0301,26.8,71.0,,,,,8.0
2026-01-04 06:29:50+00:00,589,0.0301,26.8,71.0,,,,,8.0
2026-01-04 06:30:05+00:00,590,0.0285,26.8,71.0,,,,,9.0
2026-01-04 06:31:36+00:00,591,0.0254,26.8,71.0,,,,,9.0
2026-01-04 06:33:06+00:00,592,0.0165,26.8,71.0,,,,,10.0
2026-01-04 06:36:08+00:00,593,0.0165,26.8,71.0,,,,,10.0
2026-01-04 06:38:54+00:00,594,0.0226,26.8,71.0,,,,,9.0
2026-01-04 06:39:09+00:00,595,0.0226,26.8,71.0,,,,,9.0
2026-01-04 06:39:54+00:00,596,0.0226,26.8,71.0,,,,,9.0
2026-01-04 06:40:40+00:00,597,0.0226,26.8,71.0,,,,,9.0
2026-01-04 06:40:55+00:00,598,0.0134,26.8,71.0,,,,,10.0
2026-01-04 06:41:10+00:00,599,0.0144,26.8,71.0,,,,,10.0
2026-01-04 06:43:41+00:00,600,0.02,26.8,71.0,,,,,9.0
2026-01-04 06:45:26+00:00,601,0.0254,26.8,71.0,,,,,9.0
2026-01-04 06:45:42+00:00,602,0.0254,26.8,71.0,,,,,9.0
2026-01-04 06:47:43+00:00,603,0.0254,26.8,71.0,,,,,9.0
2026-01-04 06:48:13+00:00,604,0.0176,26.8,71.0,,,,,10.0
2026-01-04 06:50:44+00:00,605,0.02,26.8,71.0,,,,,9.0
2026-01-04 06:51:59+00:00,606,0.0165,26.8,71.0,,,,,10.0
2026-01-04 06:55:16+00:00,607,0.0301,26.8,71.0,,,,,8.0
2026-01-04 06:56:46+00:00,608,0.0269,26.8,71.0,,,,,9.0
2026-01-04 06:59:02+00:00,609,0.0092,26.8,71.0,,,,,10.0
2026-01-04 07:03:19+00:00,610,0.02,26.8,71.0,,,,,9.0
2026-01-04 07:03:50+00:00,611,0.0372,26.8,71.0,,,,,8.0
2026-01-04 07:04:05+00:00,612,0.0254,26.8,71.0,,,,,9.0
2026-01-04 07:04:51+00:00,613,0.0354,26.8,71.0,,,,,8.0
2026-01-04 07:05:36+00:00,614,0.05,26.8,71.0,,,,,6.0
2026-01-04 07:10:36+00:00,615,0.07,24.5,68.0,,,,,5.0
2026-01-05 00:00:00+00:00,616,0.07,24.5,68.0,,,,,5.0
2026-01-05 00:05:00+00:00,617,0.07,24.52,67.94,,,,,5.0
2026-01-05 00:10:00+00:00,618,0.07,24.55,67.89,,,,,5.0
2026-01-05 00:15:00+00:00,619,0.07,24.57,67.83,,,,,5.0
2026-01-05 00:20:00+00:00,620,0.07,24.59,67.78,,,,,5.0
2026-01-05 00:25:00+00:00,621,0.07,24.61,67.72,,,,,5.0
2026-01-05 00:30:00+00:00,622,0.071,24.64,67.67,,,,,5.0
2026-01-05 00:35:00+00:00,623,0.071,24.66,67.61,,,,,5.0
2026-01-05 00:40:00+00:00,624,0.071,24.68,67.56,,,,,5.0
2026-01-05 00:45:00+00:00,625,0.071,24.71,67.5,,,,,5.0
2026-01-05 00:50:00+00:00,626,0.071,24.73,67.45,,,,,5.0
2026-01-05 00:55:00+00:00,627,0.071,24.75,67.39,,,,,5.0
2026-01-05 01:00:00+00:00,628,0.071,24.78,67.34,,,,,5.0
2026-01-05 01:05:00+00:00,629,0.071,24.8,67.28,,,,,5.0
2026-01-05 01:10:00+00:00,630,0.071,24.82,67.23,,,,,5.0
2026-01-05 01:15:00+00:00,631,0.071,24.84,67.17,,,,,5.0
2026-01-05 01:20:00+00:00,632,0.071,24.87,67.12,,,,,5.0
2026-01-05 01:25:00+00:00,633,0.072,24.89,67.06,,,,,5.0
2026-01-05 01:30:00+00:00,634,0.072,24.91,67.01,,,,,5.0
2026-01-05 01:35:00+00:00,635,0.072,24.94,66.95,,,,,5.0
2026-01-05 01:40:00+00:00,636,0.072,24.96,66.9,,,,,5.0
2026-01-05 01:45:00+00:00,637,0.072,24.98,66.84,,,,,5.0
2026-01-05 01:50:00+00:00,638,0.072,25.0,66.79,,,,,5.0
2026-01-05 01:55:00+00:00,639,0.072,25.03,66.73,,,,,5.0
2026-01-05 02:00:00+00:00,640,0.072,25.05,66.68,,,,,5.0
2026-01-05 02:05:00+00:00,641,0.072,25.07,66.62,,,,,5.0
2026-01-05 02:10:00+00:00,642,0.072,25.1,66.57,,,,,5.0
2026-01-05 02:15:00+00:00,643,0.072,25.12,66.51,,,,,5.0
2026-01-05 02:20:00+00:00,644,0.073,25.14,66.46,,,,,5.0
2026-01-05 02:25:00+00:00,645,0.073,25.17,66.4,,,,,5.0
2026-01-05 02:30:00+00:00,646,0.073,25.19,66.35,,,,,5.0
2026-01-05 02:35:00+00:00,647,0.073,25.21,66.29,,,,,5.0
2026-01-05 02:40:00+00:00,648,0.073,25.23,66.24,,,,,5.0
2026-01-05 02:45:00+00:00,649,0.073,25.26,66.18,,,,,5.0
2026-01-05 02:50:00+00:00,650,0.073,25.28,66.13,,,,,5.0
2026-01-05 02:55:00+00:00,651,0.073,25.3,66.07,,,,,5.0
2026-01-05 03:00:00+00:00,652,0.073,25.33,66.02,,,,,5.0
2026-01-05 03:05:00+00:00,653,0.073,25.35,65.96,,,,,5.0
2026-01-05 03:10:00+00:00,654,0.073,25.37,65.91,,,,,5.0
2026-01-05 03:15:00+00:00,655,0.074,25.39,65.85,,,,,5.0
2026-01-05 03:20:00+00:00,656,0.074,25.42,65.8,,,,,5.0
2026-01-05 03:25:00+00:00,657,0.074,25.44,65.74,,,,,5.0
2026-01-05 03:30:00+00:00,658,0.074,25.46,65.69,,,,,5.0
2026-01-05 03:35:00+00:00,659,0.074,25.49,65.63,,,,,5.0
2026-01-05 03:40:00+00:00,660,0.074,25.51,65.58,,,,,5.0
2026-01-05 03:45:00+00:00,661,0.074,25.53,65.52,,,,,5.0
2026-01-05 03:50:00+00:00,662,0.074,25.56,65.47,,,,,5.0
2026-01-05 03:55:00+00:00,663,0.074,25.58,65.41,,,,,5.0
2026-01-05 04:00:00+00:00,664,0.074,25.6,65.36,,,,,5.0
2026-01-05 04:05:00+00:00,665,0.074,25.62,65.3,,,,,5.0
2026-01-05 04:10:00+00:00,666,0.075,25.65,65.25,,,,,5.0
2026-01-05 04:15:00+00:00,667,0.075,25.67,65.19,,,,,5.0
2026-01-05 04:20:00+00:00,668,0.075,25.69,65.14,,,,,5.0
2026-01-05 04:25:00+00:00,669,0.075,25.72,65.08,,,,,5.0
2026-01-05 04:30:00+00:00,670,0.075,25.74,65.03,,,,,5.0
2026-01-05 04:35:00+00:00,671,0.075,25.76,64.97,,,,,5.0
2026-01-05 04:40:00+00:00,672,0.075,25.78,64.92,,,,,5.0
2026-01-05 04:45:00+00:00,673,0.075,25.81,64.86,,,,,5.0
2026-01-05 04:50:00+00:00,674,0.075,25.83,64.81,,,,,5.0
2026-01-05 04:55:00+00:00,675,0.075,25.85,64.75,,,,,5.0
2026-01-05 05:00:00+00:00,676,0.076,25.88,64.7,,,,,5.0
2026-01-05 05:05:00+00:00,677,0.076,25.9,64.64,,,,,5.0
2026-01-05 05:10:00+00:00,678,0.076,25.92,64.59,,,,,5.0
2026-01-05 05:15:00+00:00,679,0.076,25.94,64.53,,,,,5.0
2026-01-05 05:20:00+00:00,680,0.076,25.97,64.48,,,,,5.0
2026-01-05 05:25:00+00:00,681,0.076,25.99,64.42,,,,,5.0
2026-01-05 05:30:00+00:00,682,0.076,26.01,64.37,,,,,5.0
2026-01-05 05:35:00+00:00,683,0.076,26.04,64.31,,,,,5.0
2026-01-05 05:40:00+00:00,684,0.076,26.06,64.26,,,,,5.0
2026-01-05 05:45:00+00:00,685,0.076,26.08,64.2,,,,,5.0
2026-01-05 05:50:00+00:00,686,0.076,26.11,64.15,,,,,5.0
2026-01-05 05:55:00+00:00,687,0.077,26.13,64.09,,,,,5.0
2026-01-05 06:00:00+00:00,688,0.077,26.15,64.04,,,,,5.0
2026-01-05 06:05:00+00:00,689,0.077,26.17,63.98,,,,,5.0
2026-01-05 06:10:00+00:00,690,0.077,26.2,63.93,,,,,5.0
2026-01-05 06:15:00+00:00,691,0.077,26.22,63.87,,,,,5.0
2026-01-05 06:20:00+00:00,692,0.077,26.24,63.82,,,,,5.0
2026-01-05 06:25:00+00:00,693,0.077,26.27,63.76,,,,,5.0
2026-01-05 06:30:00+00:00,694,0.077,26.29,63.71,,,,,5.0
2026-01-05 06:35:00+00:00,695,0.077,26.31,63.65,,,,,5.0
2026-01-05 06:40:00+00:00,696,0.077,26.33,63.6,,,,,5.0
2026-01-05 06:45:00+00:00,697,0.077,26.36,63.54,,,,,5.0
2026-01-05 06:50:00+00:00,698,0.078,26.38,63.49,,,,,5.0
2026-01-05 06:55:00+00:00,699,0.078,26.4,63.43,,,,,5.0
2026-01-05 07:00:00+00:00,700,0.078,26.43,63.38,,,,,5.0
2026-01-05 07:05:00+00:00,701,0.078,26.45,63.32,,,,,5.0
2026-01-05 07:10:00+00:00,702,0.078,26.47,63.27,,,,,5.0
2026-01-05 07:15:00+00:00,703,0.078,26.5,63.21,,,,,5.0
2026-01-05 07:20:00+00:00,704,0.078,26.52,63.16,,,,,5.0
2026-01-05 07:25:00+00:00,705,0.078,26.54,63.1,,,,,5.0
2026-01-05 07:30:00+00:00,706,0.078,26.56,63.05,,,,,5.0
2026-01-05 07:35:00+00:00,707,0.078,26.59,62.99,,,,,5.0
2026-01-05 07:40:00+00:00,708,0.078,26.61,62.94,,,,,5.0
2026-01-05 07:45:00+00:00,709,0.079,26.63,62.88,,,,,5.0
2026-01-05 07:50:00+00:00,710,0.079,26.66,62.83,,,,,5.0
2026-01-05 07:55:00+00:00,711,0.079,26.68,62.77,,,,,5.0
2026-01-05 08:00:00+00:00,712,0.079,26.7,62.72,,,,,5.0
2026-01-05 08:05:00+00:00,713,0.079,26.72,62.66,,,,,5.0
2026-01-05 08:10:00+00:00,714,0.079,26.75,62.61,,,,,5.0
2026-01-05 08:15:00+00:00,715,0.079,26.77,62.55,,,,,5.0
2026-01-05 08:20:00+00:00,716,0.079,26.79,62.5,,,,,5.0
2026-01-05 08:25:00+00:00,717,0.079,26.82,62.44,,,,,5.0
2026-01-05 08:30:00+00:00,718,0.079,26.84,62.39,,,,,5.0
2026-01-05 08:35:00+00:00,719,0.079,26.86,62.33,,,,,5.0
2026-01-05 08:40:00+00:00,720,0.08,26.89,62.28,,,,,4.0
2026-01-05 08:45:00+00:00,721,0.08,26.91,62.22,,,,,4.0
2026-01-05 08:50:00+00:00,722,0.08,26.93,62.17,,,,,4.0
2026-01-05 08:55:00+00:00,723,0.08,26.95,62.11,,,,,4.0
2026-01-05 09:00:00+00:00,724,0.08,26.98,62.06,,,,,4.0
2026-01-05 09:05:00+00:00,725,0.08,27.0,62.0,,,,,4.0
2026-01-06 00:00:00+00:00,726,0.08,25.0,65.0,,,,,4.0
2026-01-06 00:05:00+00:00,727,0.081,25.06,64.86,,,,,4.0
2026-01-06 00:10:00+00:00,728,0.082,25.12,64.73,,,,,4.0
2026-01-06 00:15:00+00:00,729,0.083,25.18,64.59,,,,,4.0
2026-01-06 00:20:00+00:00,730,0.084,25.25,64.45,,,,,4.0
2026-01-06 00:25:00+00:00,731,0.085,25.31,64.32,,,,,4.0
2026-01-06 00:30:00+00:00,732,0.086,25.37,64.18,,,,,4.0
2026-01-06 00:35:00+00:00,733,0.087,25.43,64.04,,,,,4.0
2026-01-06 00:40:00+00:00,734,0.088,25.49,63.9,,,,,4.0
2026-01-06 00:45:00+00:00,735,0.088,25.55,63.77,,,,,4.0
2026-01-06 00:50:00+00:00,736,0.088,25.62,63.63,,,,,4.0
2026-01-06 00:55:00+00:00,737,0.088,25.68,63.49,,,,,4.0
2026-01-06 01:00:00+00:00,738,0.088,25.74,63.36,,,,,4.0
2026-01-06 01:05:00+00:00,739,0.088,25.8,63.22,,,,,4.0
2026-01-06 01:10:00+00:00,740,0.088,25.86,63.08,,,,,4.0
2026-01-06 01:15:00+00:00,741,0.088,25.92,62.95,,,,,4.0
2026-01-06 01:20:00+00:00,742,0.088,25.99,62.81,,,,,4.0
2026-01-06 01:25:00+00:00,743,0.088,26.05,62.67,,,,,4.0
2026-01-06 01:30:00+00:00,744,0.088,26.11,62.53,,,,,4.0
2026-01-06 01:35:00+00:00,745,0.088,26.17,62.4,,,,,4.0
2026-01-06 01:40:00+00:00,746,0.088,26.23,62.26,,,,,4.0
2026-01-06 01:45:00+00:00,747,0.088,26.29,62.12,,,,,4.0
2026-01-06 01:50:00+00:00,748,0.101,26.36,61.99,,,,,2.0
2026-01-06 01:55:00+00:00,749,0.102,26.42,61.85,,,,,2.0
2026-01-06 02:00:00+00:00,750,0.102,26.48,61.71,,,,,2.0
2026-01-06 02:05:00+00:00,751,0.102,26.54,61.58,,,,,2.0
2026-01-06 02:10:00+00:00,752,0.102,26.6,61.44,,,,,2.0
2026-01-06 02:15:00+00:00,753,0.102,26.66,61.3,,,,,2.0
2026-01-06 02:20:00+00:00,754,0.102,26.73,61.16,,,,,2.0
2026-01-06 02:25:00+00:00,755,0.102,26.79,61.03,,,,,2.0
2026-01-06 02:30:00+00:00,756,0.102,26.85,60.89,,,,,2.0
2026-01-06 02:35:00+00:00,757,0.102,26.91,60.75,,,,,2.0
2026-01-06 02:40:00+00:00,758,0.102,26.97,60.62,,,,,2.0
2026-01-06 02:45:00+00:00,759,0.102,27.03,60.48,,,,,2.0
2026-01-06 02:50:00+00:00,760,0.102,27.1,60.34,,,,,2.0
2026-01-06 02:55:00+00:00,761,0.114,27.16,60.21,,,,,2.0
2026-01-06 03:00:00+00:00,762,0.115,27.22,60.07,,,,,2.0
2026-01-06 03:05:00+00:00,763,0.115,27.28,59.93,,,,,2.0
2026-01-06 03:10:00+00:00,764,0.116,27.34,59.79,,,,,2.0
2026-01-06 03:15:00+00:00,765,0.117,27.4,59.66,,,,,2.0
2026-01-06 03:20:00+00:00,766,0.117,27.47,59.52,,,,,2.0
2026-01-06 03:25:00+00:00,767,0.117,27.53,59.38,,,,,2.0
2026-01-06 03:30:00+00:00,768,0.117,27.59,59.25,,,,,2.0
2026-01-06 03:35:00+00:00,769,0.117,27.65,59.11,,,,,2.0
2026-01-06 03:40:00+00:00,770,0.117,27.71,58.97,,,,,2.0
2026-01-06 03:45:00+00:00,771,0.117,27.77,58.84,,,,,2.0
2026-01-06 03:50:00+00:00,772,0.117,27.84,58.7,,,,,2.0
2026-01-06 03:55:00+00:00,773,0.117,27.9,58.56,,,,,2.0
2026-01-06 04:00:00+00:00,774,0.117,27.96,58.42,,,,,2.0
2026-01-06 04:05:00+00:00,775,0.127,28.02,58.29,,,,,2.0
2026-01-06 04:10:00+00:00,776,0.128,28.08,58.15,,,,,2.0
2026-01-06 04:15:00+00:00,777,0.128,28.14,58.01,,,,,2.0
2026-01-06 04:20:00+00:00,778,0.128,28.21,57.88,,,,,2.0
2026-01-06 04:25:00+00:00,779,0.128,28.27,57.74,,,,,2.0
2026-01-06 04:30:00+00:00,780,0.128,28.33,57.6,,,,,2.0
2026-01-06 04:35:00+00:00,781,0.128,28.39,57.47,,,,,2.0
2026-01-06 04:40:00+00:00,782,0.128,28.45,57.33,,,,,2.0
2026-01-06 04:45:00+00:00,783,0.128,28.51,57.19,,,,,2.0
2026-01-06 04:50:00+00:00,784,0.136,28.58,57.05,,,,,1.0
2026-01-06 04:55:00+00:00,785,0.136,28.64,56.92,,,,,1.0
2026-01-06 05:00:00+00:00,786,0.136,28.7,56.78,,,,,1.0
2026-01-06 05:05:00+00:00,787,0.136,28.76,56.64,,,,,1.0
2026-01-06 05:10:00+00:00,788,0.136,28.82,56.51,,,,,1.0
2026-01-06 05:15:00+00:00,789,0.136,28.88,56.37,,,,,1.0
2026-01-06 05:20:00+00:00,790,0.141,28.95,56.23,,,,,0.0
2026-01-06 05:25:00+00:00,791,0.142,29.01,56.1,,,,,0.0
2026-01-06 05:30:00+00:00,792,0.142,29.07,55.96,,,,,0.0
2026-01-06 05:35:00+00:00,793,0.142,29.13,55.82,,,,,0.0
2026-01-06 05:40:00+00:00,794,0.142,29.19,55.68,,,,,0.0
2026-01-06 05:45:00+00:00,795,0.146,29.25,55.55,,,,,0.0
2026-01-06 05:50:00+00:00,796,0.146,29.32,55.41,,,,,0.0
2026-01-06 05:55:00+00:00,797,0.146,29.38,55.27,,,,,0.0
2026-01-06 06:00:00+00:00,798,0.148,29.44,55.14,,,,,0.0
2026-01-06 06:05:00+00:00,799,0.148,29.5,55.0,,,,,0.0
