created_at,entry_id,voc(ppm),temperature,humidity
2026-01-23T14:35:05+00:00,1,0.0134,26.5,80
2026-01-23T14:35:25+00:00,2,0.0134,26.5,81
2026-01-23T14:35:45+00:00,3,0.0125,26.5,81
2026-01-23T14:36:05+00:00,4,0.0125,26.5,81
2026-01-23T14:36:26+00:00,5,0.0134,26.5,81
2026-01-23T14:36:45+00:00,6,0.0134,26.5,80
2026-01-23T14:37:06+00:00,7,0.0134,26.5,80
2026-01-23T14:37:26+00:00,8,0.0125,26.5,80
2026-01-23T14:37:46+00:00,9,0.0134,26.5,80
2026-01-23T14:38:06+00:00,10,0.0134,26.5,80
2026-01-23T14:38:26+00:00,11,0.0144,26.5,80
2026-01-23T14:38:46+00:00,12,0.0144,26.5,80
2026-01-23T14:39:06+00:00,13,0.0154,26.5,80
2026-01-23T14:39:26+00:00,14,0.0144,26.5,80
2026-01-23T14:40:07+00:00,15,0.0154,26.5,80
2026-01-23T14:40:27+00:00,16,0.0154,26.5,80
2026-01-23T14:40:47+00:00,17,0.0154,26.6,79
2026-01-23T14:41:07+00:00,18,0.0154,26.6,79
2026-01-23T14:41:27+00:00,19,0.0154,26.6,79
2026-01-23T14:41:47+00:00,20,0.0134,26.6,79
2026-01-23T14:42:07+00:00,21,0.0125,26.5,79
2026-01-23T14:42:27+00:00,22,0.0125,26.6,79
2026-01-23T14:42:47+00:00,23,0.0134,26.6,79
2026-01-23T14:43:08+00:00,24,0.0134,26.6,79
2026-01-23T14:43:28+00:00,25,0.0107,26.8,79
2026-01-23T14:43:48+00:00,26,0.0134,26.6,79
2026-01-23T14:44:08+00:00,27,0.0134,26.6,79
2026-01-23T14:44:28+00:00,28,0.0116,26.6,79
2026-01-23T14:44:48+00:00,29,0.0134,26.6,79
2026-01-23T14:45:08+00:00,30,0.0125,26.6,79
2026-01-23T14:45:28+00:00,31,0.0099,26.6,79
2026-01-23T14:45:48+00:00,32,0.0134,26.6,79
2026-01-23T14:46:08+00:00,33,0.0134,26.6,79
2026-01-23T14:46:28+00:00,34,0.0134,26.6,79
2026-01-23T14:46:49+00:00,35,0.0134,26.6,79
2026-01-23T14:47:09+00:00,36,0.0107,26.7,79
2026-01-23T14:47:29+00:00,37,0.0107,26.6,79
2026-01-23T14:47:49+00:00,38,0.0125,26.6,79
2026-01-23T14:48:09+00:00,39,0.0125,26.6,79
2026-01-23T14:48:29+00:00,40,0.0125,26.5,79
2026-01-23T14:48:49+00:00,41,0.0116,26.6,79
2026-01-23T14:49:09+00:00,42,0.0125,26.6,79
2026-01-23T14:49:29+00:00,43,0.0134,26.6,79
2026-01-23T14:49:49+00:00,44,0.0134,26.6,79
2026-01-23T14:50:10+00:00,45,0.0134,26.6,79
2026-01-23T14:50:30+00:00,46,0.0144,26.5,79
2026-01-23T14:50:50+00:00,47,0.0144,26.5,79
2026-01-23T14:51:10+00:00,48,0.0134,26.5,79
2026-01-23T14:51:30+00:00,49,0.0144,26.5,79
2026-01-23T14:51:50+00:00,50,0.0144,26.5,80
2026-01-23T14:52:10+00:00,51,0.0144,26.5,80
2026-01-23T14:52:30+00:00,52,0.0125,26.6,80
2026-01-23T14:52:50+00:00,53,0.0125,26.6,79
2026-01-23T14:53:10+00:00,54,0.0116,26.6,79
2026-01-23T14:53:30+00:00,55,0.0144,26.6,79
2026-01-23T14:53:51+00:00,56,0.0144,26.6,79
2026-01-23T14:54:11+00:00,57,0.0144,26.6,79
2026-01-23T14:54:31+00:00,58,0.0154,26.6,79
2026-01-23T14:54:51+00:00,59,0.0144,26.6,79
2026-01-23T14:55:11+00:00,60,0.0134,26.6,79
2026-01-23T14:55:31+00:00,61,0.0125,26.6,79
2026-01-23T14:56:11+00:00,62,0.0165,26.6,79
2026-01-23T14:56:31+00:00,63,0.0165,26.6,80
2026-01-23T14:56:51+00:00,64,0.0165,26.6,80
2026-01-23T14:57:11+00:00,65,0.0165,26.6,79
2026-01-23T14:57:31+00:00,66,0.0144,26.6,79
2026-01-23T14:57:52+00:00,67,0.0165,26.6,79
2026-01-23T14:58:12+00:00,68,0.0165,26.6,79
2026-01-23T14:58:32+00:00,69,0.0165,26.6,79
2026-01-23T14:58:52+00:00,70,0.0165,26.6,79
2026-01-23T14:59:12+00:00,71,0.0187,26.5,79
2026-01-23T14:59:32+00:00,72,0.0165,26.6,79
2026-01-23T14:59:52+00:00,73,0.0176,26.6,79
2026-01-23T15:00:12+00:00,74,0.0176,26.6,79
2026-01-23T15:00:33+00:00,75,0.0176,26.6,79
2026-01-23T15:00:53+00:00,76,0.0176,26.5,79
2026-01-23T15:01:13+00:00,77,0.0176,26.6,79
2026-01-23T15:01:34+00:00,78,0.0165,26.6,79
2026-01-23T15:01:53+00:00,79,0.0165,26.6,79
2026-01-23T15:02:13+00:00,80,0.0165,26.6,79
2026-01-23T15:02:33+00:00,81,0.0165,26.6,79
2026-01-23T15:02:53+00:00,82,0.0165,26.6,79
2026-01-23T15:03:13+00:00,83,0.0165,26.5,80
2026-01-23T15:03:34+00:00,84,0.0165,26.5,80
2026-01-23T15:03:54+00:00,85,0.0154,26.5,80
2026-01-23T15:04:14+00:00,86,0.0154,26.5,80
2026-01-23T15:04:34+00:00,87,0.0154,26.6,80
2026-01-23T15:04:54+00:00,88,0.0134,26.6,80
2026-01-23T15:05:14+00:00,89,0.0134,26.6,79
2026-01-23T15:05:34+00:00,90,0.0134,26.6,79
2026-01-23T15:05:54+00:00,91,0.0134,26.6,79
2026-01-23T15:06:14+00:00,92,0.0134,26.6,79
2026-01-23T15:06:34+00:00,93,0.0134,26.6,79
2026-01-23T15:06:55+00:00,94,0.0134,26.7,79
2026-01-23T15:07:15+00:00,95,0.0125,26.7,79
2026-01-23T15:07:35+00:00,96,0.0134,26.7,79
2026-01-23T15:07:55+00:00,97,0.0134,26.7,79
2026-01-23T15:08:15+00:00,98,0.0134,26.7,79
2026-01-23T15:08:35+00:00,99,0.0134,26.7,79
2026-01-23T15:08:55+00:00,100,0.0134,26.7,79
2026-01-23T15:09:15+00:00,101,0.0125,26.7,79
2026-01-23T15:09:35+00:00,102,0.0125,26.7,79
2026-01-23T15:09:55+00:00,103,0.0134,26.8,79
2026-01-23T15:10:15+00:00,104,0.0134,26.8,79
2026-01-23T15:10:35+00:00,105,0.0134,26.8,79
2026-01-23T15:10:56+00:00,106,0.0125,26.8,79
2026-01-23T15:11:16+00:00,107,0.0125,26.8,78
2026-01-23T15:11:36+00:00,108,0.0125,26.8,78
2026-01-23T15:11:56+00:00,109,0.0125,26.8,78
2026-01-23T15:12:16+00:00,110,0.0125,26.8,78
2026-01-23T15:12:36+00:00,111,0.0165,26.8,78
2026-01-23T15:12:56+00:00,112,0.0176,26.8,78
2026-01-23T15:13:17+00:00,113,0.0165,26.8,78
2026-01-23T15:13:37+00:00,114,0.0165,26.5,78
2026-01-23T15:13:57+00:00,115,0.0165,26.8,78
2026-01-23T15:14:17+00:00,116,0.0212,26.8,78
2026-01-23T15:14:37+00:00,117,0.0212,26.8,76
2026-01-23T15:14:57+00:00,118,0.0212,26.8,74
2026-01-23T15:15:17+00:00,119,0.0212,26.8,75
2026-01-23T15:15:38+00:00,120,0.0212,26.8,75
2026-01-23T15:15:58+00:00,121,0.0212,26.8,76
2026-01-23T15:16:18+00:00,122,0.0212,26.8,76
2026-01-23T15:16:38+00:00,123,0.0254,26.8,77
2026-01-24T14:17:56+00:00,124,0.0212,26.2,86
2026-01-24T14:18:16+00:00,125,0.0212,26.2,86
2026-01-24T14:18:36+00:00,126,0.0212,26.2,87
2026-01-24T14:18:56+00:00,127,0.0212,26.2,87
2026-01-24T14:19:16+00:00,128,0.024,26.2,88
2026-01-24T14:19:36+00:00,129,0.024,26.2,88
2026-01-24T14:19:56+00:00,130,0.024,26.2,88
2026-01-24T14:20:16+00:00,131,0.0226,26.2,88
2026-01-24T14:20:36+00:00,132,0.0226,26.2,88
2026-01-24T14:20:57+00:00,133,0.024,26.2,88
2026-01-24T14:21:17+00:00,134,0.0254,26.2,88
2026-01-24T14:21:37+00:00,135,0.024,26.2,88
2026-01-24T14:21:57+00:00,136,0.024,26.2,88
2026-01-24T14:22:17+00:00,137,0.024,26.2,88
2026-01-24T14:22:37+00:00,138,0.024,26.2,88
2026-01-24T14:22:58+00:00,139,0.0254,26.2,88
2026-01-24T14:23:17+00:00,140,0.024,26.2,88
2026-01-24T14:23:37+00:00,141,0.0254,26.2,88
2026-01-24T14:23:58+00:00,142,0.0212,26.2,88
2026-01-24T14:24:18+00:00,143,0.0212,26.2,88
2026-01-24T14:24:38+00:00,144,0.0212,26.2,88
2026-01-24T14:24:58+00:00,145,0.0212,26.2,88
2026-01-24T14:25:18+00:00,146,0.02,26.2,88
2026-01-24T14:25:38+00:00,147,0.0226,26.2,88
2026-01-24T14:25:58+00:00,148,0.0226,26.2,88
2026-01-24T14:26:18+00:00,149,0.0226,26.2,88
2026-01-24T14:26:38+00:00,150,0.0212,26.2,88
2026-01-24T14:26:59+00:00,151,0.02,26.2,88
2026-01-24T14:27:19+00:00,152,0.02,26.2,89
2026-01-24T14:27:39+00:00,153,0.0212,26.2,89
2026-01-24T14:27:59+00:00,154,0.0212,26.2,88
2026-01-24T14:28:19+00:00,155,0.0212,26.2,88
2026-01-24T14:28:39+00:00,156,0.0187,26.2,88
2026-01-24T14:28:59+00:00,157,0.0187,26.2,88
2026-01-24T14:29:19+00:00,158,0.0187,26.2,88
2026-01-24T14:29:40+00:00,159,0.0187,26.2,88
2026-01-24T14:30:00+00:00,160,0.0187,26.2,88
2026-01-24T14:30:20+00:00,161,0.0212,26.2,88
2026-01-24T14:30:40+00:00,162,0.0212,26.2,88
2026-01-24T14:31:00+00:00,163,0.0212,26.2,88
2026-01-24T14:31:20+00:00,164,0.0212,26.1,88
2026-01-24T14:31:40+00:00,165,0.0212,26.2,88
2026-01-24T14:32:01+00:00,166,0.0212,26.2,88
2026-01-24T14:32:21+00:00,167,0.0212,26.2,88
2026-01-24T14:32:41+00:00,168,0.0212,26.2,88
2026-01-24T14:33:01+00:00,169,0.0212,26.2,88
2026-01-24T14:33:21+00:00,170,0.0212,26.2,88
2026-01-24T14:33:41+00:00,171,0.0212,26.2,88
2026-01-24T14:34:01+00:00,172,0.0212,26.2,88
2026-01-24T14:34:21+00:00,173,0.0212,26.2,88
2026-01-24T14:34:41+00:00,174,0.0212,26.2,88
2026-01-24T14:35:02+00:00,175,0.0212,26.2,88
2026-01-24T14:35:22+00:00,176,0.0212,26.2,88
2026-01-24T14:35:42+00:00,177,0.0212,26.2,88
2026-01-24T14:36:02+00:00,178,0.0212,26.2,88
2026-01-24T14:36:22+00:00,179,0.0212,26.2,88
2026-01-24T14:36:42+00:00,180,0.0212,26.2,88
2026-01-24T14:37:03+00:00,181,0.0212,26.2,88
2026-01-24T14:37:22+00:00,182,0.0212,26.2,88
2026-01-24T14:37:43+00:00,183,0.0212,26.2,88
2026-01-24T14:38:03+00:00,184,0.0212,26.2,88
2026-01-24T14:38:23+00:00,185,0.0212,26.2,88
2026-01-24T14:38:43+00:00,186,0.0212,26.2,88
2026-01-24T14:39:03+00:00,187,0.0212,26.2,88
2026-01-24T14:39:23+00:00,188,0.0212,26.2,88
2026-01-24T14:39:44+00:00,189,0.0212,26.2,88
2026-01-24T14:40:03+00:00,190,0.0212,26.2,88
2026-01-24T14:40:24+00:00,191,0.0212,26.2,88
2026-01-24T14:40:44+00:00,192,0.02,26.2,88
2026-01-24T14:41:04+00:00,193,0.0212,26.2,88
2026-01-24T14:41:24+00:00,194,0.0212,26.2,88
2026-01-24T14:41:44+00:00,195,0.02,26.2,88
2026-01-24T14:42:04+00:00,196,0.02,26.2,88
2026-01-24T14:42:24+00:00,197,0.0212,26.2,88
2026-01-24T14:42:44+00:00,198,0.0212,26.2,88
2026-01-24T14:43:04+00:00,199,0.02,26.2,88
2026-01-24T14:43:24+00:00,200,0.02,26.2,88
2026-01-24T14:43:44+00:00,201,0.02,26.1,88
2026-01-24T14:44:05+00:00,202,0.0212,26.1,88
2026-01-24T14:44:25+00:00,203,0.0212,26.2,88
2026-01-24T14:44:45+00:00,204,0.0212,26.2,88
2026-01-24T14:45:05+00:00,205,0.0212,26.2,88
2026-01-24T14:45:25+00:00,206,0.02,26.2,88
2026-01-24T14:45:45+00:00,207,0.02,26.2,88
2026-01-24T14:46:06+00:00,208,0.02,26.2,88
2026-01-24T14:46:26+00:00,209,0.0212,26.2,88
2026-01-24T14:46:46+00:00,210,0.0212,26.1,88
2026-01-24T14:47:06+00:00,211,0.0212,26.2,88
2026-01-24T14:47:26+00:00,212,0.0212,26.1,88
2026-01-24T14:47:46+00:00,213,0.02,26.1,88
2026-01-24T14:48:06+00:00,214,0.02,26.2,88
2026-01-24T14:48:26+00:00,215,0.02,26.1,88
2026-01-24T14:48:46+00:00,216,0.02,26.2,88
2026-01-24T14:49:07+00:00,217,0.02,26.1,88
2026-01-24T14:49:33+00:00,218,0.02,26.1,88
2026-01-24T14:50:07+00:00,219,0.02,26.1,88
2026-01-24T14:50:27+00:00,220,0.02,26.1,88
2026-01-24T14:50:47+00:00,221,0.02,26.1,88
2026-01-24T14:51:07+00:00,222,0.02,26.1,88
2026-01-24T14:51:27+00:00,223,0.024,26.1,88
2026-01-24T14:51:47+00:00,224,0.0226,26.1,88
2026-01-25T14:28:03+00:00,225,0.0226,26.4,66
2026-01-25T14:28:23+00:00,226,0.0226,26.3,70
2026-01-25T14:28:43+00:00,227,0.0226,26.3,66
2026-01-25T14:29:04+00:00,228,0.0226,26.3,67
2026-01-25T14:29:24+00:00,229,0.0226,26.3,67
2026-01-25T14:29:44+00:00,230,0.0226,26.5,69
2026-01-25T14:30:04+00:00,231,0.0254,26.6,70
2026-01-25T14:30:24+00:00,232,0.0254,26.9,68
2026-01-25T14:30:44+00:00,233,0.0254,27,67
2026-01-25T14:31:05+00:00,234,0.0254,26.9,67
2026-01-25T14:31:24+00:00,235,0.0254,26.9,67
2026-01-25T14:31:45+00:00,236,0.0254,26.9,67
2026-01-25T14:32:05+00:00,237,0.0254,26.8,67
2026-01-25T14:32:25+00:00,238,0.02,26.8,67
2026-01-25T14:32:45+00:00,239,0.0212,26.8,67
2026-01-25T14:33:05+00:00,240,0.0212,26.8,67
2026-01-25T14:33:25+00:00,241,0.0212,26.7,67
2026-01-25T14:33:46+00:00,242,0.0212,26.7,67
2026-01-25T14:34:06+00:00,243,0.0212,26.6,68
2026-01-25T14:34:26+00:00,244,0.0212,26.6,67
2026-01-25T14:34:46+00:00,245,0.0212,26.6,68
2026-01-25T14:35:06+00:00,246,0.0212,26.6,68
2026-01-25T14:35:26+00:00,247,0.0212,26.6,68
2026-01-25T14:35:46+00:00,248,0.0212,26.6,68
2026-01-25T14:36:07+00:00,249,0.0212,26.5,68
2026-01-25T14:36:26+00:00,250,0.0212,26.5,69
2026-01-25T14:36:46+00:00,251,0.0212,26.5,69
2026-01-25T14:37:07+00:00,252,0.0212,26.5,69
2026-01-25T14:37:27+00:00,253,0.02,26.2,69
2026-01-25T14:37:47+00:00,254,0.02,26.5,69
2026-01-25T14:38:07+00:00,255,0.02,26.5,69
2026-01-25T14:38:27+00:00,256,0.02,26.5,69
2026-01-25T14:38:47+00:00,257,0.02,26.5,69
2026-01-25T14:39:07+00:00,258,0.02,26.5,69
2026-01-25T14:39:27+00:00,259,0.0269,26.5,69
2026-01-25T14:39:47+00:00,260,0.0269,26.5,69
2026-01-25T14:40:08+00:00,261,0.0269,26.5,69
2026-01-25T14:40:27+00:00,262,0.0212,26.5,69
2026-01-25T14:40:48+00:00,263,0.0212,26.5,69
2026-01-25T14:41:08+00:00,264,0.0212,26.5,69
2026-01-25T14:41:28+00:00,265,0.02,26.5,69
2026-01-25T14:41:48+00:00,266,0.0212,26.5,69
2026-01-25T14:42:08+00:00,267,0.0212,26.5,69
2026-01-25T14:42:29+00:00,268,0.02,26.5,69
2026-01-25T14:42:48+00:00,269,0.02,26.5,69
2026-01-25T14:43:08+00:00,270,0.02,26.5,69
2026-01-25T14:43:28+00:00,271,0.0226,26.5,69
2026-01-25T14:43:49+00:00,272,0.0226,26.5,69
2026-01-25T14:44:09+00:00,273,0.0226,26.5,69
2026-01-25T14:44:29+00:00,274,0.02,26.5,69
2026-01-25T14:44:49+00:00,275,0.02,26.5,69
2026-01-25T14:45:09+00:00,276,0.02,26.5,69
2026-01-25T14:45:29+00:00,277,0.0212,26.5,69
2026-01-25T14:45:49+00:00,278,0.0212,26.5,69
2026-01-25T14:46:09+00:00,279,0.02,26.5,69
2026-01-25T14:46:29+00:00,280,0.02,26.4,69
2026-01-25T14:46:50+00:00,281,0.0212,26.5,70
2026-01-25T14:47:10+00:00,282,0.0212,26.5,71
2026-01-25T14:47:30+00:00,283,0.0212,26.5,71
2026-01-25T14:47:50+00:00,284,0.0212,26.5,71
2026-01-25T14:48:10+00:00,285,0.0212,26.5,71
2026-01-25T14:48:30+00:00,286,0.0212,26.5,71
2026-01-25T14:48:50+00:00,287,0.02,26.5,71
2026-01-25T14:49:10+00:00,288,0.02,26.5,71
2026-01-25T14:49:31+00:00,289,0.02,26.5,72
2026-01-25T14:49:50+00:00,290,0.0212,26.5,72
2026-01-25T14:50:11+00:00,291,0.02,26.5,72
2026-01-25T14:50:31+00:00,292,0.02,26.5,72
2026-01-25T14:50:51+00:00,293,0.02,26.5,72
2026-01-25T14:51:11+00:00,294,0.02,26.5,72
2026-01-25T14:51:31+00:00,295,0.02,26.5,72
2026-01-25T14:51:51+00:00,296,0.02,26.5,71
2026-01-25T14:52:11+00:00,297,0.02,26.5,71
2026-01-25T14:52:31+00:00,298,0.02,26.5,71
2026-01-25T14:52:51+00:00,299,0.0212,26.5,71
2026-01-25T14:53:11+00:00,300,0.0212,26.5,71
2026-01-25T14:53:32+00:00,301,0.0212,26.5,71
2026-01-25T14:53:52+00:00,302,0.0212,26.5,71
2026-01-25T14:54:12+00:00,303,0.0212,26.5,71
2026-01-25T14:54:32+00:00,304,0.0212,26.5,71
2026-01-25T14:54:52+00:00,305,0.0212,26.5,71
2026-01-25T14:55:12+00:00,306,0.0212,26.4,71
2026-01-25T14:55:32+00:00,307,0.0212,26.5,71
2026-01-25T14:55:52+00:00,308,0.0212,26.5,71
2026-01-25T14:56:12+00:00,309,0.0212,26.3,71
2026-01-25T14:56:33+00:00,310,0.0212,26.4,71
2026-01-25T14:56:53+00:00,311,0.0212,26.5,71
2026-01-25T14:57:13+00:00,312,0.0212,26.5,71
2026-01-25T14:57:33+00:00,313,0.0212,26.5,71
2026-01-25T14:57:53+00:00,314,0.0212,26.5,71
2026-01-25T14:58:13+00:00,315,0.0212,26.5,71
2026-01-25T14:58:33+00:00,316,0.0212,26.4,71
2026-01-25T14:58:54+00:00,317,0.0212,26.2,71
2026-01-25T14:59:13+00:00,318,0.0212,26.4,71
2026-01-25T14:59:34+00:00,319,0.0212,26.5,71
2026-01-25T14:59:54+00:00,320,0.0212,26.4,71
2026-01-25T15:00:14+00:00,321,0.0212,26.4,71
2026-01-25T15:00:34+00:00,322,0.02,26.4,70
2026-01-25T15:00:54+00:00,323,0.0212,26.3,70
2026-01-25T15:01:14+00:00,324,0.0212,26.4,70
2026-01-25T15:01:34+00:00,325,0.0212,26.4,70
2026-01-25T15:01:54+00:00,326,0.0212,26.5,70
2026-01-25T15:02:14+00:00,327,0.0212,26.4,70
2026-01-25T15:02:55+00:00,328,0.0212,26.4,70
2026-01-25T15:03:15+00:00,329,0.0212,26.4,70
2026-01-25T15:03:35+00:00,330,0.0212,26.4,70
2026-01-25T15:03:55+00:00,331,0.0285,26.4,70
2026-01-25T15:04:15+00:00,332,0.024,26.5,70
2026-01-25T15:04:36+00:00,333,0.024,26.4,66
2026-01-25T15:04:56+00:00,334,0.024,26.4,66
2026-01-26T14:27:22+00:00,335,0.024,26.4,64
2026-01-26T14:27:41+00:00,336,0.024,26.4,64
2026-01-26T14:28:01+00:00,337,0.024,26.2,63
2026-01-26T14:28:21+00:00,338,0.024,26.4,64
2026-01-26T14:28:42+00:00,339,0.024,26.4,64
2026-01-26T14:29:02+00:00,340,0.024,26.4,64
2026-01-26T14:29:22+00:00,341,0.024,26.4,64
2026-01-26T14:29:42+00:00,342,0.024,26.4,64
2026-01-26T14:30:22+00:00,343,0.024,26.3,64
2026-01-26T14:37:44+00:00,344,0.0226,26.3,64
2026-01-26T14:38:04+00:00,345,0.0226,26.3,65
2026-01-26T14:38:24+00:00,346,0.0226,26.3,65
2026-01-26T14:38:44+00:00,347,0.0226,26.3,64
2026-01-26T14:39:04+00:00,348,0.0226,26.4,64
2026-01-26T14:39:25+00:00,349,0.0212,26.3,64
2026-01-26T14:39:45+00:00,350,0.02,26.3,65
2026-01-26T14:40:05+00:00,351,0.0301,26.3,65
2026-01-26T14:40:25+00:00,352,0.0269,26.3,65
2026-01-26T14:40:45+00:00,353,0.0269,26.3,65
2026-01-26T14:41:06+00:00,354,0.0269,26.3,65
2026-01-26T14:41:26+00:00,355,0.0285,26.5,65
2026-01-26T14:41:46+00:00,356,0.0254,26.5,65
2026-01-26T14:42:06+00:00,357,0.0254,26.5,65
2026-01-26T14:42:26+00:00,358,0.0254,26.5,65
2026-01-26T14:42:46+00:00,359,0.0254,26.5,65
2026-01-26T14:43:06+00:00,360,0.0254,26.5,65
2026-01-26T14:43:26+00:00,361,0.024,26.5,65
2026-01-26T14:43:46+00:00,362,0.024,26.5,65
2026-01-26T14:44:06+00:00,363,0.0254,26.5,64
2026-01-26T14:44:27+00:00,364,0.0285,26.5,65
2026-01-26T14:44:47+00:00,365,0.0285,26.3,65
2026-01-26T14:45:07+00:00,366,0.0285,26.3,64
2026-01-26T14:45:27+00:00,367,0.0254,26.5,65
2026-01-26T14:45:47+00:00,368,0.0254,26.5,64
2026-01-26T14:46:07+00:00,369,0.0254,26.3,65
2026-01-26T14:46:28+00:00,370,0.0254,26.3,65
2026-01-26T14:46:48+00:00,371,0.0226,26.3,65
2026-01-26T14:47:08+00:00,372,0.0226,26.3,65
2026-01-26T14:47:28+00:00,373,0.0226,26.3,65
2026-01-26T14:47:48+00:00,374,0.0254,26.5,65
2026-01-26T14:48:08+00:00,375,0.0226,26.3,64
2026-01-26T14:48:28+00:00,376,0.0254,26.3,64
2026-01-26T14:48:48+00:00,377,0.0254,26.3,64
2026-01-26T14:49:09+00:00,378,0.0254,26.3,64
2026-01-26T14:49:29+00:00,379,0.0226,26.3,64
2026-01-26T14:49:49+00:00,380,0.024,26.3,64
2026-01-26T14:50:09+00:00,381,0.0226,26.3,64
2026-01-26T14:50:29+00:00,382,0.024,26.3,65
2026-01-26T14:50:49+00:00,383,0.024,26.3,65
2026-01-26T14:51:09+00:00,384,0.024,26.3,65
2026-01-26T14:51:29+00:00,385,0.0226,26.3,65
2026-01-26T14:51:50+00:00,386,0.024,26.3,65
2026-01-26T14:52:10+00:00,387,0.024,26.3,65
2026-01-26T14:52:30+00:00,388,0.024,26.3,64
2026-01-26T14:52:50+00:00,389,0.0226,26.3,64
2026-01-26T14:53:10+00:00,390,0.0226,26.3,64
2026-01-26T14:53:30+00:00,391,0.024,26.3,64
2026-01-26T14:53:50+00:00,392,0.024,26.3,65
2026-01-26T14:54:30+00:00,393,0.024,26.3,66
2026-01-26T14:54:50+00:00,394,0.024,26.3,66
2026-01-26T14:55:10+00:00,395,0.024,26.2,67
2026-01-26T14:55:30+00:00,396,0.024,26.3,68
2026-01-26T14:55:51+00:00,397,0.024,26.3,68
2026-01-26T14:56:10+00:00,398,0.024,26.3,67
2026-01-26T14:56:31+00:00,399,0.024,26.3,67
2026-01-26T14:56:51+00:00,400,0.024,26.3,67
2026-01-26T14:57:11+00:00,401,0.024,26.3,67
2026-01-26T14:57:31+00:00,402,0.024,26.3,67
2026-01-26T14:57:51+00:00,403,0.024,26.3,67
2026-01-26T14:58:11+00:00,404,0.024,26.3,67
2026-01-26T14:58:32+00:00,405,0.024,26.3,67
2026-01-26T14:58:52+00:00,406,0.024,26.3,67
2026-01-26T14:59:12+00:00,407,0.024,26.3,67
2026-01-26T14:59:32+00:00,408,0.0226,26.4,68
2026-01-26T14:59:52+00:00,409,0.024,26.4,69
2026-01-26T15:00:12+00:00,410,0.024,26.4,69
2026-01-26T15:00:32+00:00,411,0.024,26.4,68
2026-01-26T15:00:52+00:00,412,0.024,26.4,68
2026-01-26T15:01:12+00:00,413,0.024,26.4,68
2026-01-26T15:01:33+00:00,414,0.024,26.4,67
2026-01-26T15:01:53+00:00,415,0.024,26.4,67
2026-01-26T15:02:13+00:00,416,0.0226,26.3,67
2026-01-26T15:02:33+00:00,417,0.0226,26.3,67
2026-01-26T15:02:53+00:00,418,0.0226,26.3,67
2026-01-26T15:03:13+00:00,419,0.0301,26.3,67
2026-01-26T15:03:33+00:00,420,0.0285,26.3,67
2026-01-26T15:03:53+00:00,421,0.0285,26.3,67
2026-01-26T15:04:13+00:00,422,0.0285,26.3,67
2026-01-26T15:04:33+00:00,423,0.0285,26.5,67
2026-01-27T14:57:04+00:00,424,0.0285,30.1,65
2026-01-27T14:57:23+00:00,425,0.0285,30.3,65
2026-01-27T14:57:44+00:00,426,0.0285,30.3,64
2026-01-27T14:58:04+00:00,427,0.0285,30.3,65
2026-01-27T14:58:24+00:00,428,0.0285,30.3,66
2026-01-27T14:58:44+00:00,429,0.0285,30.5,65
2026-01-27T14:59:04+00:00,430,0.0285,30.3,65
2026-01-27T14:59:24+00:00,431,0.0285,30.3,64
2026-01-27T14:59:44+00:00,432,0.0226,30.5,63
2026-01-27T15:00:06+00:00,433,0.0354,30.4,64
2026-01-27T15:00:24+00:00,434,0.0392,30.4,64
2026-01-27T15:00:45+00:00,435,0.0354,30.3,64
2026-01-27T15:01:05+00:00,436,0.0354,30.3,64
2026-01-27T15:01:25+00:00,437,0.0354,30.3,64
2026-01-27T15:01:45+00:00,438,0.024,30.3,64
2026-01-27T15:02:05+00:00,439,0.024,30.3,64
2026-01-27T15:02:25+00:00,440,0.024,30.3,64
2026-01-27T15:02:45+00:00,441,0.024,30.3,64
2026-01-27T15:03:06+00:00,442,0.024,30.4,64
2026-01-27T15:03:25+00:00,443,0.024,30.4,64
2026-01-27T15:03:46+00:00,444,0.024,30.4,64
2026-01-27T15:04:07+00:00,445,0.024,30.4,64
2026-01-27T15:04:26+00:00,446,0.0269,30.3,64
2026-01-27T15:04:46+00:00,447,0.0226,30.3,64
2026-01-27T15:05:06+00:00,448,0.0226,30.3,63
2026-01-27T15:05:26+00:00,449,0.0226,30.3,64
2026-01-27T15:05:46+00:00,450,0.0226,30.6,63
2026-01-27T15:06:06+00:00,451,0.0226,30.8,62
2026-01-27T15:06:27+00:00,452,0.0226,30.8,62
2026-01-27T15:06:46+00:00,453,0.0226,30.9,61
2026-01-27T15:07:07+00:00,454,0.024,30.9,61
2026-01-27T15:07:27+00:00,455,0.0226,30.8,63
2026-01-27T15:07:48+00:00,456,0.024,31.2,62
2026-01-27T15:08:07+00:00,457,0.024,31.2,61
2026-01-27T15:08:27+00:00,458,0.024,30.8,61
2026-01-27T15:08:47+00:00,459,0.0269,30.4,62
2026-01-27T15:09:07+00:00,460,0.0318,30.1,63
2026-01-27T15:09:27+00:00,461,0.0318,29.8,63
2026-01-27T15:09:47+00:00,462,0.0318,29.6,64
2026-01-27T15:10:08+00:00,463,0.0318,29.5,64
2026-01-27T15:10:28+00:00,464,0.0301,29.4,65
2026-01-27T15:10:48+00:00,465,0.0301,29.3,65
2026-01-27T15:11:08+00:00,466,0.0301,29.2,65
2026-01-27T15:11:28+00:00,467,0.0335,29.1,66
2026-01-27T15:11:48+00:00,468,0.0301,29,66
2026-01-27T15:12:08+00:00,469,0.0335,29,66
2026-01-27T15:12:28+00:00,470,0.0318,28.9,65
2026-01-27T15:12:49+00:00,471,0.0301,28.9,65
2026-01-27T15:13:09+00:00,472,0.0285,28.9,66
2026-01-27T15:13:30+00:00,473,0.0285,28.8,66
2026-01-27T15:13:49+00:00,474,0.0335,28.8,66
2026-01-27T15:14:09+00:00,475,0.0335,28.7,66
2026-01-27T15:14:29+00:00,476,0.0269,28.7,66
2026-01-27T15:14:49+00:00,477,0.0269,28.6,66
2026-01-27T15:15:09+00:00,478,0.0269,28.8,69
2026-01-27T15:15:29+00:00,479,0.0269,28.8,66
2026-01-27T15:15:49+00:00,480,0.0269,29,66
2026-01-27T15:16:10+00:00,481,0.0269,29,69
2026-01-27T15:16:29+00:00,482,0.0269,29,69
2026-01-27T15:16:50+00:00,483,0.0269,29,69
2026-01-27T15:17:10+00:00,484,0.0269,29,66
2026-01-27T15:17:30+00:00,485,0.0269,29,69
2026-01-27T15:17:50+00:00,486,0.0286,28.9,68
2026-01-27T15:18:10+00:00,487,0.0286,28.9,69
2026-01-27T15:18:30+00:00,488,0.0286,29,66
2026-01-27T15:18:51+00:00,489,0.0286,28.9,66
2026-01-27T15:19:11+00:00,490,0.0286,28.9,66
2026-01-27T15:19:31+00:00,491,0.0286,28.9,66
2026-01-27T15:19:51+00:00,492,0.0286,29,68
2026-01-27T15:20:11+00:00,493,0.0286,28.9,67
2026-01-27T15:20:31+00:00,494,0.0286,28.9,67
2026-01-27T15:20:51+00:00,495,0.0286,28.9,70
2026-01-27T15:21:11+00:00,496,0.0286,28.9,67
2026-01-27T15:21:31+00:00,497,0.0286,28.9,66
2026-01-27T15:21:51+00:00,498,0.0286,28.9,69
2026-01-27T15:22:11+00:00,499,0.0302,28.9,65
2026-01-27T15:22:31+00:00,500,0.0302,28.8,65
2026-01-27T15:22:52+00:00,501,0.0302,28.8,66
2026-01-27T15:23:12+00:00,502,0.0302,28.8,67
2026-01-27T15:23:32+00:00,503,0.0302,28.7,67
2026-01-27T15:23:52+00:00,504,0.0302,28.7,68
2026-01-27T15:24:12+00:00,505,0.0302,28.6,68
2026-01-27T15:24:33+00:00,506,0.0302,28.6,68
2026-01-27T15:24:52+00:00,507,0.0302,28.7,68
2026-01-27T15:25:12+00:00,508,0.0304,28.6,68
2026-01-27T15:25:32+00:00,509,0.0304,28.6,68
2026-01-27T15:25:52+00:00,510,0.0304,28.5,68
2026-01-27T15:26:13+00:00,511,0.0316,28.5,68
2026-01-27T15:26:33+00:00,512,0.0316,28.5,68
2026-01-27T15:26:53+00:00,513,0.0316,28.5,68
2026-01-27T15:27:13+00:00,514,0.0316,28.4,68
2026-01-27T15:27:33+00:00,515,0.0316,28.3,68
2026-01-27T15:27:53+00:00,516,0.0316,28.3,68
2026-01-27T15:28:13+00:00,517,0.0316,28.3,68
2026-01-27T15:28:33+00:00,518,0.0316,28.3,69
2026-01-27T15:28:54+00:00,519,0.0316,28.2,69
2026-01-27T15:29:14+00:00,520,0.0316,28.1,69
2026-01-27T15:29:34+00:00,521,0.0316,28,69
2026-01-27T15:29:54+00:00,522,0.0304,28,69
2026-01-27T15:30:14+00:00,523,0.0304,28,70
2026-01-27T15:30:34+00:00,524,0.0304,27.9,69
2026-01-27T15:30:54+00:00,525,0.0304,27.9,69
2026-01-27T15:31:15+00:00,526,0.0304,27.9,69
2026-01-27T15:31:35+00:00,527,0.0304,27.9,69
2026-01-27T15:31:55+00:00,528,0.0304,27.8,69
2026-01-27T15:32:15+00:00,529,0.0304,27.8,69
2026-01-27T15:32:35+00:00,530,0.0304,27.8,70
2026-01-27T15:32:55+00:00,531,0.037,27.8,70
2026-01-27T15:33:16+00:00,532,0.037,27.8,70
2026-01-27T15:33:35+00:00,533,0.037,27.7,70
2026-01-27T15:33:56+00:00,534,0.037,27.7,70
2026-01-27T15:34:16+00:00,535,0.037,27.7,70
2026-01-27T15:34:36+00:00,536,0.037,27.7,70
2026-01-27T15:35:28+00:00,537,0.037,27.6,70
2026-01-27T15:35:56+00:00,538,0.037,27.5,70
2026-01-27T15:36:16+00:00,539,0.037,27.5,71
2026-01-27T15:36:37+00:00,540,0.037,27.5,71
2026-01-27T15:36:57+00:00,541,0.037,27.5,71
2026-01-27T15:37:17+00:00,542,0.037,27.5,71
2026-01-27T15:37:37+00:00,543,0.037,27.5,71
2026-01-27T15:37:57+00:00,544,0.037,27.5,71
2026-01-27T15:38:17+00:00,545,0.0332,27.5,71
2026-01-27T15:38:37+00:00,546,0.0332,27.4,71
2026-01-27T15:38:57+00:00,547,0.0332,27.4,71
2026-01-27T15:39:20+00:00,548,0.0332,27.4,71
2026-01-27T15:39:37+00:00,549,0.0332,27.4,71
2026-01-27T15:39:58+00:00,550,0.0332,27.4,71
2026-01-27T15:40:18+00:00,551,0.0332,27.4,71
2026-01-27T15:40:58+00:00,552,0.0332,27.4,71
2026-01-27T15:41:18+00:00,553,0.0332,27.4,71
2026-01-27T15:41:38+00:00,554,0.0332,27.4,71
2026-01-27T15:41:58+00:00,555,0.0332,27.3,71
2026-01-27T15:42:18+00:00,556,0.0332,27.4,72
2026-01-28T14:28:09+00:00,557,0.0335,26.9,80
2026-01-28T14:28:29+00:00,558,0.0335,26.9,79
2026-01-28T14:28:50+00:00,559,0.0335,26.9,78
2026-01-28T14:29:10+00:00,560,0.0335,26.9,79
2026-01-28T14:29:30+00:00,561,0.0335,27,78
2026-01-28T14:29:50+00:00,562,0.0335,27,78
2026-01-28T14:30:10+00:00,563,0.0335,27,77
2026-01-28T14:30:30+00:00,564,0.0354,27,77
2026-01-28T14:30:50+00:00,565,0.0392,27,78
2026-01-28T14:31:11+00:00,566,0.0335,27,79
2026-01-28T14:31:30+00:00,567,0.0335,27,78
2026-01-28T14:31:51+00:00,568,0.0335,27,78
2026-01-28T14:32:11+00:00,569,0.0335,27,78
2026-01-28T14:32:31+00:00,570,0.0318,27,79
2026-01-28T14:32:51+00:00,571,0.0318,27,79
2026-01-28T14:33:11+00:00,572,0.0318,27,79
2026-01-28T14:33:31+00:00,573,0.0318,27,80
2026-01-28T14:33:52+00:00,574,0.0318,27,79
2026-01-28T14:34:12+00:00,575,0.0318,27,79
2026-01-28T14:34:32+00:00,576,0.0335,27,78
2026-01-28T14:34:52+00:00,577,0.0318,27,78
2026-01-28T14:35:12+00:00,578,0.0301,27,78
2026-01-28T14:35:32+00:00,579,0.0301,27,78
2026-01-28T14:35:52+00:00,580,0.0301,27,78
2026-01-28T14:36:13+00:00,581,0.0301,27,78
2026-01-28T14:36:33+00:00,582,0.0301,26.9,78
2026-01-28T14:36:52+00:00,583,0.0318,27,77
2026-01-28T14:37:33+00:00,584,0.0318,27,78
2026-01-28T14:37:53+00:00,585,0.0318,27,78
2026-01-28T14:38:13+00:00,586,0.0318,27,78
2026-01-28T14:38:34+00:00,587,0.0318,27,78
2026-01-28T14:38:53+00:00,588,0.0354,27,78
2026-01-28T14:39:13+00:00,589,0.0354,27,78
2026-01-28T14:39:34+00:00,590,0.0354,27,79
2026-01-28T14:39:54+00:00,591,0.0412,27.1,80
2026-01-28T14:40:14+00:00,592,0.0412,27.1,79
2026-01-28T14:40:34+00:00,593,0.0455,27.1,79
2026-01-28T14:40:54+00:00,594,0.0455,27.3,78
2026-01-28T14:41:14+00:00,595,0.0455,27.3,78
2026-01-28T14:41:34+00:00,596,0.0455,27.3,77
2026-01-28T14:41:54+00:00,597,0.0455,27.3,77
2026-01-28T14:42:14+00:00,598,0.0455,27.3,77
2026-01-28T14:42:35+00:00,599,0.0455,27.4,76
2026-01-28T14:42:55+00:00,600,0.0455,27.4,76
2026-01-28T14:43:15+00:00,601,0.0412,27.4,76
2026-01-28T14:43:35+00:00,602,0.0412,27.4,76
2026-01-28T14:43:56+00:00,603,0.0412,27.4,76
2026-01-28T14:44:15+00:00,604,0.0433,27.4,75
2026-01-28T14:44:36+00:00,605,0.0412,27.4,75
2026-01-28T14:44:56+00:00,606,0.0433,27.4,75
2026-01-28T14:45:16+00:00,607,0.0455,27.4,75
2026-01-28T14:45:36+00:00,608,0.0412,27.4,75
2026-01-28T14:45:56+00:00,609,0.0412,27.4,75
2026-01-28T14:46:17+00:00,610,0.0372,27.4,75
2026-01-28T14:46:37+00:00,611,0.0391,27.3,75
2026-01-28T14:46:57+00:00,612,0.0392,27.4,75
2026-01-28T14:47:17+00:00,613,0.0392,27.3,75
2026-01-28T14:47:37+00:00,614,0.0392,27.4,76
2026-01-28T14:47:57+00:00,615,0.0392,27.3,76
2026-01-28T14:48:17+00:00,616,0.0392,27.4,76
2026-01-28T14:48:38+00:00,617,0.0392,27.4,76
2026-01-28T14:48:58+00:00,618,0.0392,27.3,76
2026-01-28T14:49:18+00:00,619,0.0392,27.3,77
2026-01-28T14:49:38+00:00,620,0.0392,27.3,77
2026-01-28T14:49:58+00:00,621,0.0392,27.3,76
2026-01-28T14:50:18+00:00,622,0.0412,27.3,76
2026-01-28T14:50:39+00:00,623,0.0412,27.3,76
2026-01-28T14:50:59+00:00,624,0.0412,27.3,77
2026-01-28T14:51:19+00:00,625,0.0412,27.3,77
2026-01-28T14:51:39+00:00,626,0.0412,27.3,77
2026-01-28T14:51:59+00:00,627,0.0412,27.3,78
2026-01-28T14:52:19+00:00,628,0.0412,27.3,77
2026-01-28T14:52:39+00:00,629,0.0412,27.3,77
2026-01-28T14:52:59+00:00,630,0.0412,27.3,76
2026-01-28T14:53:20+00:00,631,0.0412,27.3,76
2026-01-28T14:53:40+00:00,632,0.0412,27.3,77
2026-01-28T14:54:00+00:00,633,0.0433,27.3,76
2026-01-28T14:54:20+00:00,634,0.0433,27.3,76
2026-01-28T14:54:40+00:00,635,0.0433,27.3,76
2026-01-28T14:55:00+00:00,636,0.0433,27.3,77
2026-01-28T14:55:20+00:00,637,0.0412,27.3,77
2026-01-28T14:55:41+00:00,638,0.0412,27.3,76
2026-01-28T14:56:01+00:00,639,0.0412,27.2,76
2026-01-28T14:56:21+00:00,640,0.0412,27.2,76
2026-01-28T14:56:41+00:00,641,0.0412,27.2,76
2026-01-28T14:57:01+00:00,642,0.0412,27.2,76
2026-01-28T14:57:21+00:00,643,0.0412,27.2,76
2026-01-28T14:57:42+00:00,644,0.0435,27.2,77
2026-01-28T14:58:02+00:00,645,0.0435,27.2,77
2026-01-28T14:58:22+00:00,646,0.0435,27.2,76
2026-01-28T14:58:42+00:00,647,0.0435,27.2,76
2026-01-28T14:59:02+00:00,648,0.0435,27.2,76
2026-01-28T14:59:22+00:00,649,0.0435,27.1,76
2026-01-28T14:59:42+00:00,650,0.0435,27.1,76
2026-01-28T15:00:02+00:00,651,0.0435,27.1,76
2026-01-28T15:00:23+00:00,652,0.0435,27.1,76
2026-01-28T15:00:43+00:00,653,0.0435,27.1,76
2026-01-28T15:01:03+00:00,654,0.0435,27.1,76
2026-01-28T15:01:23+00:00,655,0.0412,27.1,76
2026-01-28T15:01:43+00:00,656,0.0412,27.1,76
2026-01-28T15:02:03+00:00,657,0.0412,27.1,76
2026-01-28T15:02:23+00:00,658,0.0412,27.1,76
2026-01-28T15:02:44+00:00,659,0.0412,27.1,76
2026-01-28T15:03:04+00:00,660,0.0412,27.1,76
2026-01-28T15:03:24+00:00,661,0.0412,27.1,76
2026-01-28T15:03:44+00:00,662,0.0412,27.1,76
2026-01-28T15:04:05+00:00,663,0.0412,27.1,76
2026-01-28T15:04:24+00:00,664,0.0412,27.1,76
2026-01-28T15:04:44+00:00,665,0.0412,27.1,76
2026-01-28T15:05:05+00:00,666,0.0412,27.1,76
2026-01-28T15:05:25+00:00,667,0.0412,27.1,76
2026-01-28T15:05:45+00:00,668,0.0412,27.1,76
2026-01-28T15:06:05+00:00,669,0.0435,27.1,77
2026-01-28T15:06:25+00:00,670,0.0435,27.1,77
2026-01-29T14:35:33+00:00,671,0.0435,26.9,71
2026-01-29T14:35:53+00:00,672,0.0435,26.9,71
2026-01-29T14:36:13+00:00,673,0.0435,26.9,71
2026-01-29T14:36:33+00:00,674,0.0435,26.9,71
2026-01-29T14:36:53+00:00,675,0.0435,27,71
2026-01-29T14:37:13+00:00,676,0.0435,27,71
2026-01-29T14:37:34+00:00,677,0.0469,27,71
2026-01-29T14:37:54+00:00,678,0.0469,27,71
2026-01-29T14:38:14+00:00,679,0.0469,27,71
2026-01-29T14:38:34+00:00,680,0.0469,27,71
2026-01-29T14:38:54+00:00,681,0.0469,27,71
2026-01-29T14:39:14+00:00,682,0.0469,27,70
2026-01-29T14:39:34+00:00,683,0.0469,27,71
2026-01-29T14:39:54+00:00,684,0.0469,27,71
2026-01-29T14:40:14+00:00,685,0.0469,27,71
2026-01-29T14:40:34+00:00,686,0.0469,27,71
2026-01-29T14:40:54+00:00,687,0.0469,27,71
2026-01-29T14:41:14+00:00,688,0.0433,27,71
2026-01-29T14:41:35+00:00,689,0.0433,27,71
2026-01-29T14:41:55+00:00,690,0.0433,27,71
2026-01-29T14:42:14+00:00,691,0.0433,27,71
2026-01-29T14:42:35+00:00,692,0.0433,27,70
2026-01-29T14:42:55+00:00,693,0.0433,27.1,70
2026-01-29T14:43:15+00:00,694,0.0433,27,71
2026-01-29T14:43:35+00:00,695,0.0433,27,71
2026-01-29T14:43:55+00:00,696,0.0418,27,71
2026-01-29T14:44:16+00:00,697,0.0418,27,71
2026-01-29T14:44:35+00:00,698,0.0418,27,71
2026-01-29T14:44:55+00:00,699,0.0418,27,71
2026-01-29T14:45:15+00:00,700,0.0418,27,71
2026-01-29T14:45:36+00:00,701,0.0418,27,71
2026-01-29T14:45:56+00:00,702,0.0418,27,71
2026-01-29T14:46:16+00:00,703,0.0418,27,71
2026-01-29T14:46:36+00:00,704,0.0418,27,72
2026-01-29T14:46:56+00:00,705,0.0418,27,72
2026-01-29T14:47:16+00:00,706,0.0418,27,71
2026-01-29T14:47:36+00:00,707,0.0476,27,71
2026-01-29T14:47:56+00:00,708,0.0476,27,71
2026-01-29T14:48:17+00:00,709,0.0454,27,71
2026-01-29T14:48:37+00:00,710,0.0454,27,71
2026-01-29T14:48:57+00:00,711,0.0454,26.9,71
2026-01-29T14:49:17+00:00,712,0.0454,26.9,71
2026-01-29T14:49:38+00:00,713,0.0454,26.9,71
2026-01-29T14:49:57+00:00,714,0.0454,26.9,71
2026-01-29T14:50:17+00:00,715,0.0454,26.9,71
2026-01-29T14:50:37+00:00,716,0.0454,27,71
2026-01-29T14:50:58+00:00,717,0.0454,26.9,71
2026-01-29T14:51:18+00:00,718,0.044,26.8,71
2026-01-29T14:51:38+00:00,719,0.044,26.9,71
2026-01-29T14:51:58+00:00,720,0.044,26.8,71
2026-01-29T14:52:18+00:00,721,0.044,26.9,71
2026-01-29T14:52:38+00:00,722,0.044,26.9,71
2026-01-29T14:52:58+00:00,723,0.044,26.8,71
2026-01-29T14:53:19+00:00,724,0.044,26.9,71
2026-01-29T14:53:39+00:00,725,0.044,26.9,71
2026-01-29T14:53:59+00:00,726,0.044,26.8,70
2026-01-29T14:54:19+00:00,727,0.044,26.9,70
2026-01-29T14:54:39+00:00,728,0.0487,26.9,70
2026-01-29T14:55:00+00:00,729,0.0487,26.9,70
2026-01-29T14:55:20+00:00,730,0.0487,26.9,70
2026-01-29T14:55:40+00:00,731,0.0487,26.9,70
2026-01-29T14:56:00+00:00,732,0.0487,26.9,70
2026-01-29T14:56:20+00:00,733,0.0485,26.8,70
2026-01-29T14:56:40+00:00,734,0.0418,26.9,70
2026-01-29T14:57:00+00:00,735,0.0418,26.9,70
2026-01-29T14:57:20+00:00,736,0.0418,26.9,70
2026-01-29T14:57:40+00:00,737,0.0435,26.9,70
2026-01-29T14:58:00+00:00,738,0.0435,26.9,70
2026-01-29T14:58:21+00:00,739,0.0472,26.9,69
2026-01-29T14:58:41+00:00,740,0.0472,26.9,69
2026-01-29T14:59:01+00:00,741,0.0472,26.9,69
2026-01-29T14:59:21+00:00,742,0.0472,26.9,69
2026-01-29T14:59:42+00:00,743,0.0455,26.9,69
2026-01-29T15:00:01+00:00,744,0.0455,26.9,69
2026-01-29T15:00:21+00:00,745,0.0455,26.9,69
2026-01-29T15:01:02+00:00,746,0.0455,26.9,70
2026-01-29T15:01:22+00:00,747,0.0455,26.9,69
2026-01-29T15:01:42+00:00,748,0.0433,26.9,70
2026-01-29T15:02:02+00:00,749,0.0433,26.9,69
2026-01-29T15:02:22+00:00,750,0.0433,26.9,69
2026-01-29T15:02:42+00:00,751,0.0433,26.9,69
2026-01-29T15:03:02+00:00,752,0.0433,26.9,69
2026-01-29T15:03:22+00:00,753,0.0455,26.9,69
2026-01-29T15:03:43+00:00,754,0.0477,26.9,69
2026-01-29T15:04:03+00:00,755,0.0477,27,69
2026-01-29T15:04:23+00:00,756,0.05,27,69
2026-01-29T15:04:43+00:00,757,0.05,27,69
2026-01-29T15:05:03+00:00,758,0.0535,27,69
2026-01-29T15:05:23+00:00,759,0.0535,27,69
2026-01-29T15:05:43+00:00,760,0.0535,27,69
2026-01-29T15:06:03+00:00,761,0.0535,27,69
2026-01-29T15:06:23+00:00,762,0.0535,27,69
2026-01-29T15:06:44+00:00,763,0.0535,27,69
2026-01-29T15:07:04+00:00,764,0.0585,27,69
2026-01-29T15:07:24+00:00,765,0.0569,27,69
2026-01-29T15:07:44+00:00,766,0.0585,27,69
2026-01-29T15:08:04+00:00,767,0.0554,27,69
2026-01-29T15:08:24+00:00,768,0.0554,27,69
2026-01-29T15:08:44+00:00,769,0.0554,27,69
2026-01-29T15:09:05+00:00,770,0.0554,26.8,69
2026-01-29T15:09:25+00:00,771,0.0554,27,69
2026-01-29T15:09:45+00:00,772,0.0554,27,69
2026-01-29T15:10:05+00:00,773,0.054,27,69
2026-01-29T15:10:25+00:00,774,0.054,27,69
2026-01-29T15:10:45+00:00,775,0.054,26.9,69
2026-01-29T15:11:05+00:00,776,0.054,26.9,69
2026-01-29T15:11:25+00:00,777,0.0526,27,69
2026-01-29T15:11:45+00:00,778,0.0526,27,69
2026-01-29T15:12:05+00:00,779,0.0526,27,69
2026-01-29T15:12:26+00:00,780,0.0526,27,69
2026-01-29T15:12:45+00:00,781,0.0526,27,69
2026-01-29T15:13:06+00:00,782,0.0526,26.9,69
2026-01-29T15:13:26+00:00,783,0.0526,26.9,69
2026-01-29T15:13:46+00:00,784,0.0526,26.9,69
2026-01-29T15:14:06+00:00,785,0.054,26.9,69
2026-01-29T15:14:26+00:00,786,0.054,26.9,69
2026-01-29T15:14:46+00:00,787,0.0512,26.9,69
2026-01-29T15:15:06+00:00,788,0.0512,26.9,69
2026-01-29T15:15:27+00:00,789,0.0512,26.9,69
2026-01-29T15:15:47+00:00,790,0.054,26.9,69
2026-01-29T15:16:07+00:00,791,0.0526,26.8,69
2026-01-29T15:16:27+00:00,792,0.0512,26.9,69
2026-01-29T15:16:47+00:00,793,0.0526,26.9,69
2026-01-29T15:17:07+00:00,794,0.0526,26.9,69
2026-01-29T15:17:27+00:00,795,0.0526,26.9,69
2026-01-29T15:17:47+00:00,796,0.0526,26.9,69
2026-01-29T15:18:07+00:00,797,0.0526,26.9,69
2026-01-29T15:18:27+00:00,798,0.0526,26.9,69
2026-01-29T15:18:48+00:00,799,0.0554,26.9,69
2026-01-29T15:19:08+00:00,800,0.0526,26.9,69
2026-01-29T15:19:28+00:00,801,0.0554,26.9,69
2026-01-29T15:19:48+00:00,802,0.0526,26.9,69
2026-01-30T14:22:29+00:00,803,0.0685,26.8,79
2026-01-30T14:22:49+00:00,804,0.0648,26.8,80
2026-01-30T14:23:09+00:00,805,0.0612,26.8,80
2026-01-30T14:23:29+00:00,806,0.0612,26.8,80
2026-01-30T14:23:49+00:00,807,0.0612,26.8,80
2026-01-30T14:24:09+00:00,808,0.0612,27,80
2026-01-30T14:24:29+00:00,809,0.0612,26.8,80
2026-01-30T14:24:50+00:00,810,0.0612,26.8,80
2026-01-30T14:25:10+00:00,811,0.0601,26.8,80
2026-01-30T14:25:30+00:00,812,0.0601,26.8,80
2026-01-30T14:25:50+00:00,813,0.0601,26.8,80
2026-01-30T14:26:10+00:00,814,0.0601,26.8,80
2026-01-30T14:26:30+00:00,815,0.0601,26.8,80
2026-01-30T14:26:51+00:00,816,0.0601,26.8,80
2026-01-30T14:27:11+00:00,817,0.0601,26.8,80
2026-01-30T14:27:31+00:00,818,0.0601,26.8,80
2026-01-30T14:27:51+00:00,819,0.0601,26.8,80
2026-01-30T14:28:12+00:00,820,0.0601,26.8,80
2026-01-30T14:28:31+00:00,821,0.0685,26.8,80
2026-01-30T14:28:52+00:00,822,0.0685,26.8,80
2026-01-30T14:29:12+00:00,823,0.0685,26.8,80
2026-01-30T14:29:32+00:00,824,0.0685,26.8,80
2026-01-30T14:29:52+00:00,825,0.0685,26.8,80
2026-01-30T14:30:13+00:00,826,0.0685,26.8,80
2026-01-30T14:30:32+00:00,827,0.0685,26.8,80
2026-01-30T14:30:52+00:00,828,0.0685,26.2,80
2026-01-30T14:31:13+00:00,829,0.0685,26.8,80
2026-01-30T14:31:33+00:00,830,0.0685,26.8,80
2026-01-30T14:31:53+00:00,831,0.0685,26.8,80
2026-01-30T14:32:13+00:00,832,0.0685,26.8,80
2026-01-30T14:32:33+00:00,833,0.0685,26.8,80
2026-01-30T14:32:53+00:00,834,0.0685,26.8,80
2026-01-30T14:33:13+00:00,835,0.0635,26.8,80
2026-01-30T14:33:33+00:00,836,0.0635,26.8,80
2026-01-30T14:33:54+00:00,837,0.0635,26.8,81
2026-01-30T14:34:14+00:00,838,0.0635,26.7,81
2026-01-30T14:34:34+00:00,839,0.0635,26.7,81
2026-01-30T14:34:54+00:00,840,0.0635,26.8,81
2026-01-30T14:35:14+00:00,841,0.0635,26.8,81
2026-01-30T14:35:34+00:00,842,0.0635,26.8,81
2026-01-30T14:35:54+00:00,843,0.0635,26.8,81
2026-01-30T14:36:14+00:00,844,0.0635,26.8,81
2026-01-30T14:36:34+00:00,845,0.0635,26.9,80
2026-01-30T14:36:57+00:00,846,0.0635,26.9,80
2026-01-30T14:37:15+00:00,847,0.0601,26.8,80
2026-01-30T14:37:35+00:00,848,0.0601,26.8,80
2026-01-30T14:37:55+00:00,849,0.0601,26.8,80
2026-01-30T14:38:15+00:00,850,0.0601,26.8,80
2026-01-30T14:38:35+00:00,851,0.0601,26.9,80
2026-01-30T14:38:55+00:00,852,0.0601,26.8,81
2026-01-30T14:39:15+00:00,853,0.0601,26.9,80
2026-01-30T14:39:36+00:00,854,0.0601,26.9,80
2026-01-30T14:39:56+00:00,855,0.0601,26.8,81
2026-01-30T14:40:16+00:00,856,0.0601,26.9,80
2026-01-30T14:40:36+00:00,857,0.0601,26.8,80
2026-01-30T14:40:56+00:00,858,0.0601,26.8,81
2026-01-30T14:41:16+00:00,859,0.0655,26.8,81
2026-01-30T14:41:36+00:00,860,0.0601,26.8,81
2026-01-30T14:41:56+00:00,861,0.0677,26.8,81
2026-01-30T14:42:17+00:00,862,0.0685,26.8,81
2026-01-30T14:42:37+00:00,863,0.0656,26.8,81
2026-01-30T14:42:57+00:00,864,0.0656,26.8,81
2026-01-30T14:43:17+00:00,865,0.0656,26.8,81
2026-01-30T14:43:37+00:00,866,0.0656,26.8,81
2026-01-30T14:43:57+00:00,867,0.0656,26.9,81
2026-01-30T14:44:17+00:00,868,0.0656,26.9,81
2026-01-30T14:44:37+00:00,869,0.0656,26.8,81
2026-01-30T14:44:57+00:00,870,0.0674,26.9,81
2026-01-30T14:45:17+00:00,871,0.0674,26.9,81
2026-01-30T14:45:37+00:00,872,0.0674,26.9,81
2026-01-30T14:45:58+00:00,873,0.0674,26.8,81
2026-01-30T14:46:18+00:00,874,0.0674,26.9,81
2026-01-30T14:46:38+00:00,875,0.0674,26.9,81
2026-01-30T14:46:58+00:00,876,0.0677,26.9,81
2026-01-30T14:47:18+00:00,877,0.0755,26.9,80
2026-01-30T14:47:38+00:00,878,0.0755,26.9,80
2026-01-30T14:47:59+00:00,879,0.0755,26.9,80
2026-01-30T14:48:19+00:00,880,0.0755,26.9,81
2026-01-30T14:48:39+00:00,881,0.0777,26.8,81
2026-01-30T14:48:59+00:00,882,0.0777,26.9,81
2026-01-30T14:49:19+00:00,883,0.0777,26.9,81
2026-01-30T14:49:40+00:00,884,0.0777,26.9,81
2026-01-30T14:49:59+00:00,885,0.0777,26.9,81
2026-01-30T14:50:20+00:00,886,0.0777,26.9,81
2026-01-30T14:50:39+00:00,887,0.0777,26.9,81
2026-01-30T14:51:00+00:00,888,0.0777,26.9,81
2026-01-30T14:51:20+00:00,889,0.0777,26.9,81
2026-01-30T14:51:40+00:00,890,0.0777,26.9,81
2026-01-30T14:52:00+00:00,891,0.0689,26.9,81
2026-01-30T14:52:20+00:00,892,0.0689,26.9,81
2026-01-30T14:52:40+00:00,893,0.0689,26.8,81
2026-01-30T14:53:04+00:00,894,0.0689,26.8,81
2026-01-30T14:53:20+00:00,895,0.0689,26.8,81
2026-01-30T14:53:42+00:00,896,0.0689,26.9,81
2026-01-30T14:54:01+00:00,897,0.0689,26.9,81
2026-01-30T14:54:21+00:00,898,0.0689,26.9,81
2026-01-30T14:54:41+00:00,899,0.0689,26.9,82
2026-01-30T14:55:01+00:00,900,0.0733,26.9,82
2026-01-30T14:55:21+00:00,901,0.0733,26.9,82
2026-01-30T14:55:41+00:00,902,0.0733,26.9,82
2026-01-30T14:56:01+00:00,903,0.0733,26.9,82
2026-01-30T14:56:21+00:00,904,0.0733,26.9,82
2026-01-30T14:56:41+00:00,905,0.0733,26.9,82
2026-01-30T14:57:01+00:00,906,0.0733,26.9,82
2026-01-30T14:57:21+00:00,907,0.0733,26.9,82
2026-01-30T14:57:42+00:00,908,0.0733,27,82
2026-01-30T14:58:02+00:00,909,0.0735,27,82
2026-01-30T14:58:22+00:00,910,0.0712,27,82
2026-01-30T14:58:42+00:00,911,0.0762,26.9,82
2026-01-30T14:59:02+00:00,912,0.0755,27,82
2026-01-30T14:59:22+00:00,913,0.0772,26.9,82
2026-01-30T14:59:42+00:00,914,0.0733,27,82
2026-01-30T15:00:03+00:00,915,0.0733,27,82
2026-01-30T15:00:23+00:00,916,0.0712,27,82
2026-01-30T15:00:43+00:00,917,0.0733,27,83
2026-01-30T15:01:03+00:00,918,0.0733,27,82
2026-01-30T15:01:23+00:00,919,0.0733,27,83
2026-01-30T15:01:43+00:00,920,0.0733,27,83
2026-01-30T15:02:03+00:00,921,0.0733,27,83
2026-01-30T15:02:23+00:00,922,0.0733,27,82
2026-01-30T15:02:43+00:00,923,0.0733,27,82
2026-01-30T15:03:03+00:00,924,0.0755,26.3,82
2026-01-30T15:03:24+00:00,925,0.0755,27,83
2026-01-30T15:03:44+00:00,926,0.0755,27,82
2026-01-30T15:04:04+00:00,927,0.0755,27,83
2026-01-30T15:04:44+00:00,928,0.0755,27,83
2026-01-30T15:05:04+00:00,929,0.0755,27,83
2026-01-30T15:06:54+00:00,930,0.0855,26.9,83
2026-01-30T15:07:14+00:00,931,0.0876,26.9,83
2026-01-30T15:07:34+00:00,932,0.0876,26.9,83
2026-01-30T15:07:54+00:00,933,0.0876,26.9,84
2026-01-30T15:08:14+00:00,934,0.0876,26.9,84
2026-01-30T15:08:34+00:00,935,0.0745,26.9,83
2026-01-31T14:27:47+00:00,936,0.0745,27.5,84
2026-01-31T14:28:07+00:00,937,0.0745,27.4,84
2026-01-31T14:28:27+00:00,938,0.0745,27.3,83
2026-01-31T14:28:47+00:00,939,0.0745,27.3,83
2026-01-31T14:29:08+00:00,940,0.0745,27.3,83
2026-01-31T14:29:28+00:00,941,0.0809,27.3,83
2026-01-31T14:29:48+00:00,942,0.0745,27.3,83
2026-01-31T14:30:08+00:00,943,0.0745,27.3,83
2026-01-31T14:30:28+00:00,944,0.0745,27.3,83
2026-01-31T14:30:49+00:00,945,0.0714,27.3,83
2026-01-31T14:31:09+00:00,946,0.0714,27.3,83
2026-01-31T14:31:29+00:00,947,0.0714,27.3,83
2026-01-31T14:31:49+00:00,948,0.0714,27.3,83
2026-01-31T14:32:09+00:00,949,0.0714,27.3,83
2026-01-31T14:32:29+00:00,950,0.0714,27.3,83
2026-01-31T14:32:49+00:00,951,0.0776,27.3,83
2026-01-31T14:33:09+00:00,952,0.0776,27.3,83
2026-01-31T14:33:29+00:00,953,0.0776,27.3,83
2026-01-31T14:33:50+00:00,954,0.0776,27.2,83
2026-01-31T14:34:10+00:00,955,0.0776,27.3,83
2026-01-31T14:34:30+00:00,956,0.0776,27.3,83
2026-01-31T14:34:50+00:00,957,0.0776,27.3,83
2026-01-31T14:35:10+00:00,958,0.0809,27.2,83
2026-01-31T14:35:30+00:00,959,0.0809,27.3,83
2026-01-31T14:35:50+00:00,960,0.0809,27.3,83
2026-01-31T14:36:10+00:00,961,0.0809,27.3,83
2026-01-31T14:36:30+00:00,962,0.0776,27.3,83
2026-01-31T14:36:50+00:00,963,0.0745,27.1,83
2026-01-31T14:37:11+00:00,964,0.0745,27.2,83
2026-01-31T14:37:31+00:00,965,0.0745,27.3,83
2026-01-31T14:37:51+00:00,966,0.0745,27.2,83
2026-01-31T14:38:11+00:00,967,0.0745,27.2,83
2026-01-31T14:38:31+00:00,968,0.0809,27.3,83
2026-01-31T14:38:51+00:00,969,0.0809,27.2,83
2026-01-31T14:39:11+00:00,970,0.0809,27.2,83
2026-01-31T14:39:31+00:00,971,0.0809,27.3,83
2026-01-31T14:39:52+00:00,972,0.0809,27.2,83
2026-01-31T14:40:12+00:00,973,0.0809,27.2,83
2026-01-31T14:40:32+00:00,974,0.0809,27.2,83
2026-01-31T14:40:52+00:00,975,0.0809,27.2,83
2026-01-31T14:41:12+00:00,976,0.0809,27.1,83
2026-01-31T14:41:32+00:00,977,0.0809,27.2,83
2026-01-31T14:41:52+00:00,978,0.0809,27.1,83
2026-01-31T14:42:12+00:00,979,0.0809,27.2,83
2026-01-31T14:42:32+00:00,980,0.0809,27.2,83
2026-01-31T14:42:53+00:00,981,0.0809,27.1,83
2026-01-31T14:43:13+00:00,982,0.0809,27.2,83
2026-01-31T14:43:33+00:00,983,0.0809,27.1,83
2026-01-31T14:43:53+00:00,984,0.0824,27.1,83
2026-01-31T14:44:13+00:00,985,0.0874,27.1,83
2026-01-31T14:44:33+00:00,986,0.0874,27.1,83
2026-01-31T14:44:53+00:00,987,0.0849,27.1,83
2026-01-31T14:45:13+00:00,988,0.0849,27.1,83
2026-01-31T14:45:34+00:00,989,0.0849,27.1,83
2026-01-31T14:45:54+00:00,990,0.0849,27.1,84
2026-01-31T14:46:14+00:00,991,0.0849,27.1,84
2026-01-31T14:46:34+00:00,992,0.0849,27.1,84
2026-01-31T14:46:54+00:00,993,0.0845,27.1,84
2026-01-31T14:47:15+00:00,994,0.0885,27.1,84
2026-01-31T14:47:34+00:00,995,0.0877,27.1,84
2026-01-31T14:47:55+00:00,996,0.0928,27.1,84
2026-01-31T14:48:15+00:00,997,0.0928,27.1,84
2026-01-31T14:48:35+00:00,998,0.0874,27.1,83
2026-01-31T14:48:55+00:00,999,0.0874,27,83
2026-01-31T14:49:15+00:00,1000,0.0874,27.1,83
2026-01-31T14:49:35+00:00,1001,0.0874,27.1,83
2026-01-31T14:49:56+00:00,1002,0.0874,27.1,83
2026-01-31T14:50:16+00:00,1003,0.0976,27.1,83
2026-01-31T14:50:36+00:00,1004,0.0976,27.1,83
2026-01-31T14:50:56+00:00,1005,0.0976,27.2,83
2026-01-31T14:51:16+00:00,1006,0.0976,27.1,83
2026-01-31T14:51:36+00:00,1007,0.0976,27.1,83
2026-01-31T14:51:56+00:00,1008,0.0976,27.1,83
2026-01-31T14:52:16+00:00,1009,0.0976,27.1,83
2026-01-31T14:52:56+00:00,1010,0.0976,27.1,84
2026-01-31T14:53:16+00:00,1011,0.0976,27.1,83
2026-01-31T14:53:37+00:00,1012,0.0976,27.1,84
2026-01-31T14:53:57+00:00,1013,0.0876,27.1,83
2026-01-31T14:54:17+00:00,1014,0.0876,27.1,83
2026-01-31T14:54:37+00:00,1015,0.0876,27.1,83
2026-01-31T14:54:57+00:00,1016,0.0876,27.1,83
2026-01-31T14:55:17+00:00,1017,0.0876,27.1,83
2026-01-31T14:55:37+00:00,1018,0.0876,27.4,84
2026-01-31T14:55:57+00:00,1019,0.0876,27.6,82
2026-01-31T14:56:17+00:00,1020,0.0876,27.6,82
2026-01-31T14:56:38+00:00,1021,0.0876,27.5,82
2026-01-31T14:56:58+00:00,1022,0.0876,27.5,82
2026-01-31T14:57:18+00:00,1023,0.0899,27.4,82
2026-01-31T14:57:38+00:00,1024,0.0899,27.4,83
2026-01-31T14:57:58+00:00,1025,0.0899,27.3,83
2026-01-31T14:58:18+00:00,1026,0.0899,27.3,83
2026-01-31T14:58:38+00:00,1027,0.0899,27.3,83
2026-01-31T14:58:58+00:00,1028,0.0899,27.3,83
2026-01-31T14:59:18+00:00,1029,0.0899,27.3,83
2026-01-31T14:59:38+00:00,1030,0.0889,27.2,83
2026-01-31T14:59:59+00:00,1031,0.0963,27.3,84
2026-01-31T15:00:22+00:00,1032,0.0948,27.2,83
2026-01-31T15:00:39+00:00,1033,0.0948,27.3,84
2026-01-31T15:00:59+00:00,1034,0.0948,27.2,84
2026-01-31T15:01:19+00:00,1035,0.0976,27.2,84
2026-01-31T15:01:39+00:00,1036,0.0976,27.2,84
2026-01-31T15:02:00+00:00,1037,0.0976,27.2,84
2026-01-31T15:02:20+00:00,1038,0.0976,27.2,84
2026-01-31T15:02:40+00:00,1039,0.0976,27.2,84
2026-01-31T15:03:00+00:00,1040,0.0976,27.2,83
2026-01-31T15:03:20+00:00,1041,0.1001,27.2,84
2026-01-31T15:03:40+00:00,1042,0.1001,27.1,84
2026-01-31T15:04:00+00:00,1043,0.1001,27.2,83
2026-01-31T15:04:21+00:00,1044,0.1001,27.2,83
2026-01-31T15:04:40+00:00,1045,0.1001,27.2,83
2026-01-31T15:05:01+00:00,1046,0.1001,27.2,83
2026-01-31T15:05:21+00:00,1047,0.0976,27.2,83
2026-01-31T15:05:41+00:00,1048,0.0985,27.2,83
2026-01-31T15:06:01+00:00,1049,0.0985,27.1,83
2026-01-31T15:06:21+00:00,1050,0.0985,27.1,83
2026-01-31T15:06:41+00:00,1051,0.0985,27.1,83
2026-01-31T15:06:10+00:01,1052,0.0985,28.1,68
2026-02-01T14:26:03+00:00,1053,0.0985,27.9,68
2026-02-01T14:26:25+00:00,1054,0.0985,27.9,68
2026-02-01T14:26:45+00:00,1055,0.1167,27.8,68
2026-02-01T14:27:07+00:00,1056,0.1167,27.8,68
2026-02-01T14:27:30+00:00,1057,0.1167,27.7,68
2026-02-01T14:27:50+00:00,1058,0.1167,27.6,68
2026-02-01T14:28:10+00:00,1059,0.1167,27.6,68
2026-02-01T14:28:32+00:00,1060,0.1167,27.5,68
2026-02-01T14:28:52+00:00,1061,0.1167,27.5,68
2026-02-01T14:29:14+00:00,1062,0.1024,27.5,68
2026-02-01T14:29:36+00:00,1063,0.1242,27.6,68
2026-02-01T14:29:59+00:00,1064,0.1242,27.6,68
2026-02-01T14:30:22+00:00,1065,0.1242,27.7,67
2026-02-01T14:30:42+00:00,1066,0.1242,27.7,67
2026-02-01T14:31:04+00:00,1067,0.1242,27.7,67
2026-02-01T14:31:24+00:00,1068,0.1242,27.8,67
2026-02-01T14:31:46+00:00,1069,0.1145,27.8,67
2026-02-01T14:32:08+00:00,1070,0.1145,27.8,67
2026-02-01T14:32:28+00:00,1071,0.1145,27.8,67
2026-02-01T14:32:51+00:00,1072,0.1145,27.8,67
2026-02-01T14:33:13+00:00,1073,0.1145,27.8,67
2026-02-01T14:33:33+00:00,1074,0.1145,27.8,66
2026-02-01T14:33:53+00:00,1075,0.1145,27.8,66
2026-02-01T14:34:13+00:00,1076,0.1145,27.8,66
2026-02-01T14:34:33+00:00,1077,0.1209,27.8,66
2026-02-01T14:34:53+00:00,1078,0.1209,27.8,66
2026-02-01T14:35:13+00:00,1079,0.1209,27.8,67
2026-02-01T14:35:33+00:00,1080,0.1209,27.8,67
2026-02-01T14:35:53+00:00,1081,0.1209,27.8,67
2026-02-01T14:36:13+00:00,1082,0.1209,27.9,67
2026-02-01T14:36:33+00:00,1083,0.1276,27.9,66
2026-02-01T14:36:55+00:00,1084,0.1276,27.9,66
2026-02-01T14:37:18+00:00,1085,0.1276,27.9,66
2026-02-01T14:37:38+00:00,1086,0.1276,27.9,66
2026-02-01T14:37:58+00:00,1087,0.1276,27.9,66
2026-02-01T14:38:20+00:00,1088,0.1391,27.8,66
2026-02-01T14:38:40+00:00,1089,0.1323,28.2,70
2026-02-01T14:39:00+00:00,1090,0.1318,28.9,67
2026-02-01T14:39:20+00:00,1091,0.1288,29,66
2026-02-01T14:39:42+00:00,1092,0.1288,29,65
2026-02-01T14:40:02+00:00,1093,0.1288,28.8,65
2026-02-01T14:40:25+00:00,1094,0.1288,28.8,65
2026-02-01T14:40:45+00:00,1095,0.1288,28.5,66
2026-02-01T14:41:07+00:00,1096,0.1288,28.5,66
2026-02-01T14:41:27+00:00,1097,0.1231,28.3,67
2026-02-01T14:41:49+00:00,1098,0.1231,28.3,67
2026-02-01T14:42:11+00:00,1099,0.1231,28.2,67
2026-02-01T14:42:31+00:00,1100,0.1231,28,67
2026-02-01T14:42:51+00:00,1101,0.1231,27.9,66
2026-02-01T14:43:13+00:00,1102,0.1231,27.9,68
2026-02-01T14:43:35+00:00,1103,0.1231,27.9,68
2026-02-01T14:43:55+00:00,1104,0.1231,27.8,68
2026-02-01T14:44:17+00:00,1105,0.1231,27.8,68
2026-02-01T14:44:37+00:00,1106,0.1231,27.7,68
2026-02-01T14:44:57+00:00,1107,0.1388,27.8,68
2026-02-01T14:45:20+00:00,1108,0.1388,27.7,68
2026-02-01T14:45:40+00:00,1109,0.1388,27.7,68
2026-02-01T14:46:00+00:00,1110,0.1388,27.7,69
2026-02-01T14:46:22+00:00,1111,0.1388,27.6,69
2026-02-01T14:46:45+00:00,1112,0.1388,27.6,69
2026-02-01T14:47:05+00:00,1113,0.1388,27.5,69
2026-02-01T14:47:25+00:00,1114,0.1388,27.5,69
2026-02-01T14:47:45+00:00,1115,0.1388,27.5,69
2026-02-01T14:48:08+00:00,1116,0.1309,27.5,69
2026-02-01T14:48:28+00:00,1117,0.1303,27.5,68
2026-02-01T14:48:48+00:00,1118,0.1309,27.5,68
2026-02-01T14:49:08+00:00,1119,0.1303,27.5,69
2026-02-01T14:49:30+00:00,1120,0.1448,27.5,69
2026-02-01T14:49:52+00:00,1121,0.1448,27.5,69
2026-02-01T14:50:14+00:00,1122,0.1448,27.5,70
2026-02-01T14:50:34+00:00,1123,0.1448,27.5,70
2026-02-01T14:50:57+00:00,1124,0.1448,27.6,70
2026-02-01T14:51:19+00:00,1125,0.1303,27.5,69
2026-02-01T14:51:39+00:00,1126,0.1303,27.5,70
2026-02-01T14:52:01+00:00,1127,0.1303,27.5,70
2026-02-01T14:52:21+00:00,1128,0.1303,27.5,71
2026-02-01T14:52:41+00:00,1129,0.1323,27.5,69
2026-02-01T14:53:03+00:00,1130,0.1431,27.5,69
2026-02-01T14:53:23+00:00,1131,0.1431,27.5,69
2026-02-01T14:53:43+00:00,1132,0.1431,27.5,69
2026-02-01T14:54:03+00:00,1133,0.1431,27.5,69
2026-02-01T14:54:26+00:00,1134,0.1431,27.5,69
2026-02-01T14:54:49+00:00,1135,0.1431,27.5,69
2026-02-01T14:55:09+00:00,1136,0.1431,27.5,68
2026-02-01T14:55:29+00:00,1137,0.1431,27.5,68
2026-02-01T14:55:49+00:00,1138,0.1322,27.5,68
2026-02-01T14:56:12+00:00,1139,0.1322,27.5,68
2026-02-01T14:56:35+00:00,1140,0.1322,27.5,69
2026-02-01T14:56:55+00:00,1141,0.1322,27.5,69
2026-02-01T14:57:15+00:00,1142,0.1322,27.5,70
2026-02-01T14:57:35+00:00,1143,0.1322,27.5,70
2026-02-01T14:57:55+00:00,1144,0.1431,27.5,70
2026-02-01T14:58:15+00:00,1145,0.1422,27.6,70
2026-02-01T14:58:37+00:00,1146,0.1369,27.6,70
2026-02-01T14:59:00+00:00,1147,0.1322,27.6,69
2026-02-01T14:59:23+00:00,1148,0.1322,27.6,69
2026-02-01T14:59:46+00:00,1149,0.1385,27.6,70
2026-02-01T15:01:05+00:00,1150,0.1385,27.6,69
2026-02-01T15:01:25+00:00,1151,0.1385,27.6,70
2026-02-01T15:01:45+00:00,1152,0.1385,27.6,69
2026-02-01T15:02:05+00:00,1153,0.1385,27.6,69
2026-02-01T15:02:25+00:00,1154,0.1385,27.6,69
2026-02-01T15:02:45+00:00,1155,0.1385,27.6,69
2026-02-01T15:03:05+00:00,1156,0.1403,27.6,69
2026-02-01T15:03:25+00:00,1157,0.1463,27.6,68
2026-02-01T15:03:45+00:00,1158,0.1463,27.6,69
2026-02-01T15:04:07+00:00,1159,0.1463,27.5,69
2026-02-01T15:04:27+00:00,1160,0.1463,27.5,69
2026-02-01T15:04:47+00:00,1161,0.1463,27.5,69
2026-02-01T15:05:08+00:00,1162,0.1463,27.5,69
2026-02-01T15:05:28+00:00,1163,0.1463,27.5,69
2026-02-01T15:05:48+00:00,1164,0.1463,27.5,69
2026-02-01T15:06:09+00:00,1165,0.1463,27.5,69
2026-02-01T15:06:29+00:00,1166,0.1463,27.5,69
2026-02-01T15:06:49+00:00,1167,0.1403,27.5,69
2026-02-01T15:07:10+00:00,1168,0.1403,27.5,69
2026-02-01T15:07:30+00:00,1169,0.1412,27.5,69
2026-02-01T15:08:00+00:00,1170,0.1424,27.5,69
2026-02-01T15:08:20+00:00,1171,0.1424,27.5,68
2026-02-01T15:08:40+00:00,1172,0.1424,27.5,69
2026-02-01T15:09:01+00:00,1173,0.1424,27.5,69
2026-02-01T15:09:21+00:00,1174,0.1424,27.5,69
2026-02-01T15:09:41+00:00,1175,0.1403,27.5,68
2026-02-01T15:10:02+00:00,1176,0.1403,27.5,69
2026-02-01T15:10:22+00:00,1177,0.1403,27.5,70
2026-02-01T15:10:42+00:00,1178,0.1403,27.5,69
2026-02-01T15:11:02+00:00,1179,0.1403,27.5,69
2026-02-01T15:11:22+00:00,1180,0.1403,27.5,69
2026-02-01T15:11:42+00:00,1181,0.1403,27.5,69
2026-02-01T15:12:03+00:00,1182,0.1453,27.5,69
2026-02-01T15:12:23+00:00,1183,0.1453,27.5,69
2026-02-01T15:12:43+00:00,1184,0.1453,27.5,70
2026-02-01T15:13:04+00:00,1185,0.1431,27.5,69
2026-02-01T15:13:24+00:00,1186,0.1431,27.5,69
2026-02-01T15:13:44+00:00,1187,0.1431,27.5,69
2026-02-01T15:14:04+00:00,1188,0.1431,27.5,69
2026-02-01T15:14:24+00:00,1189,0.1431,27.5,69
2026-02-01T15:14:44+00:00,1190,0.1431,27.5,69
2026-02-01T15:15:05+00:00,1191,0.1431,27.5,69
2026-02-01T15:15:25+00:00,1192,0.1431,27.5,70
2026-02-01T15:15:45+00:00,1193,0.1431,27.5,70
2026-02-01T15:16:06+00:00,1194,0.1431,27.5,71
2026-02-01T15:16:26+00:00,1195,0.1431,27.6,71
2026-02-01T15:16:27+00:00,1196,0.1345,27.6,70
2026-02-01T15:17:08+00:00,1197,0.1345,27.6,70
2026-02-01T15:17:28+00:00,1198,0.1345,27.6,70
2026-02-01T15:17:48+00:00,1199,0.1345,27.6,70
2026-02-01T15:18:09+00:00,1200,0.1322,27.6,70
2026-02-01T15:18:29+00:00,1201,0.1322,27.6,70
2026-02-01T15:18:49+00:00,1202,0.1322,27.6,70
2026-02-01T15:19:09+00:00,1203,0.1322,27.5,70
2026-02-01T15:19:29+00:00,1204,0.1322,27.6,70
2026-02-01T15:19:49+00:00,1205,0.1431,27.6,71
2026-02-01T15:20:10+00:00,1206,0.1431,27.6,71
2026-02-01T15:20:30+00:00,1207,0.1431,27.6,72
2026-02-01T15:21:01+00:00,1208,0.1431,27.6,71
2026-02-01T15:21:21+00:00,1209,0.1476,27.5,70
2026-02-01T15:21:41+00:00,1210,0.1476,27.5,70
2026-02-01T15:22:02+00:00,1211,0.1476,27.6,70
2026-02-01T15:22:22+00:00,1212,0.1476,27.6,70
2026-02-02T14:20:37+00:00,1213,0.1474,27.4,76
2026-02-02T14:21:03+00:00,1214,0.1474,27.4,75
2026-02-02T14:21:22+00:00,1215,0.1474,27.4,75
2026-02-02T14:21:43+00:00,1216,0.1428,27.4,74
2026-02-02T14:22:03+00:00,1217,0.1428,27.4,74
2026-02-02T14:22:23+00:00,1218,0.1428,27.3,74
2026-02-02T14:22:43+00:00,1219,0.1428,27.3,75
2026-02-02T14:23:03+00:00,1220,0.1428,27.3,75
2026-02-02T14:23:23+00:00,1221,0.1428,27.3,75
2026-02-02T14:23:44+00:00,1222,0.1428,27.3,75
2026-02-02T14:24:04+00:00,1223,0.1428,27.3,75
2026-02-02T14:24:24+00:00,1224,0.1518,27.3,75
2026-02-02T14:24:44+00:00,1225,0.1518,27.3,75
2026-02-02T14:25:04+00:00,1226,0.1518,27.3,75
2026-02-02T14:25:24+00:00,1227,0.1518,27.3,75
2026-02-02T14:25:45+00:00,1228,0.1518,27.3,75
2026-02-02T14:26:04+00:00,1229,0.1518,27.3,75
2026-02-02T14:26:24+00:00,1230,0.1518,27.3,75
2026-02-02T14:26:44+00:00,1231,0.1518,27.3,75
2026-02-02T14:27:25+00:00,1232,0.1518,27.3,75
2026-02-02T14:27:45+00:00,1233,0.1518,27.2,76
2026-02-02T14:28:05+00:00,1234,0.1849,27.2,76
2026-02-02T14:28:25+00:00,1235,0.1849,27.2,76
2026-02-02T14:28:45+00:00,1236,0.1849,27.2,76
2026-02-02T14:29:05+00:00,1237,0.1849,27.2,76
2026-02-02T14:29:25+00:00,1238,0.1849,27.3,76
2026-02-02T14:29:46+00:00,1239,0.1909,27.3,75
2026-02-02T14:30:06+00:00,1240,0.1909,27.2,76
2026-02-02T14:30:26+00:00,1241,0.197,27.2,76
2026-02-02T14:30:46+00:00,1242,0.1849,27.2,76
2026-02-02T14:31:06+00:00,1243,0.2033,27.2,76
2026-02-02T14:31:27+00:00,1244,0.2163,27.2,75
2026-02-02T14:31:47+00:00,1245,0.2097,27.2,76
2026-02-02T14:32:06+00:00,1246,0.2097,27.2,76
2026-02-02T14:32:27+00:00,1247,0.2033,27.2,76
2026-02-02T14:32:47+00:00,1248,0.1849,27.2,76
2026-02-02T14:33:07+00:00,1249,0.2163,27.2,76
2026-02-02T14:33:27+00:00,1250,0.1878,27.2,76
2026-02-02T14:33:47+00:00,1251,0.2033,27.2,76
2026-02-02T14:34:07+00:00,1252,0.1909,27.2,76
2026-02-02T14:34:27+00:00,1253,0.1791,27.2,76
2026-02-02T14:34:47+00:00,1254,0.1909,27.2,77
2026-02-02T14:35:07+00:00,1255,0.1909,27.1,77
2026-02-02T14:35:27+00:00,1256,0.1909,27.1,77
2026-02-02T14:35:47+00:00,1257,0.1849,27.1,77
2026-02-02T14:36:08+00:00,1258,0.1849,27.1,77
2026-02-02T14:36:28+00:00,1259,0.1818,27.1,77
2026-02-02T14:36:48+00:00,1260,0.1849,27.1,77
2026-02-02T14:37:08+00:00,1261,0.1918,27.1,77
2026-02-02T14:37:28+00:00,1262,0.1949,27.1,77
2026-02-02T14:37:48+00:00,1263,0.1949,27,76
2026-02-02T14:38:08+00:00,1264,0.1949,27.1,76
2026-02-02T14:38:28+00:00,1265,0.1949,27.1,76
2026-02-02T14:38:48+00:00,1266,0.1878,27.1,76
2026-02-02T14:39:09+00:00,1267,0.1878,27.1,76
2026-02-02T14:39:29+00:00,1268,0.1909,27.1,76
2026-02-02T14:39:49+00:00,1269,0.1849,27.1,77
2026-02-02T14:40:09+00:00,1270,0.1849,27.1,77
2026-02-02T14:40:29+00:00,1271,0.1849,27.1,77
2026-02-02T14:40:49+00:00,1272,0.197,27.1,77
2026-02-02T14:41:09+00:00,1273,0.1849,26.9,77
2026-02-02T14:41:29+00:00,1274,0.1909,27.1,77
2026-02-02T14:41:49+00:00,1275,0.1849,27.1,77
2026-02-02T14:42:10+00:00,1276,0.1849,27.1,77
2026-02-02T14:42:30+00:00,1277,0.1849,27.1,77
2026-02-02T14:42:50+00:00,1278,0.1849,27.1,77
2026-02-02T14:43:10+00:00,1279,0.1891,27.1,77
2026-02-02T14:43:30+00:00,1280,0.1849,27.1,77
2026-02-02T14:43:51+00:00,1281,0.1849,27.1,77
2026-02-02T14:44:10+00:00,1282,0.1849,27.1,77
2026-02-02T14:44:30+00:00,1283,0.1891,27.1,76
2026-02-02T14:44:51+00:00,1284,0.1849,27.1,77
2026-02-02T14:45:11+00:00,1285,0.1849,27.1,76
2026-02-02T14:45:31+00:00,1286,0.1967,27.1,76
2026-02-02T14:45:51+00:00,1287,0.1834,27.1,76
2026-02-02T14:46:11+00:00,1288,0.1834,27.1,77
2026-02-02T14:46:31+00:00,1289,0.1834,27.1,76
2026-02-02T14:46:51+00:00,1290,0.1834,27.1,76
2026-02-02T14:47:11+00:00,1291,0.1878,27.1,76
2026-02-02T14:47:32+00:00,1292,0.1991,27.1,77
2026-02-02T14:47:52+00:00,1293,0.1991,27.1,76
2026-02-02T14:48:12+00:00,1294,0.1991,27.1,76
2026-02-02T14:48:32+00:00,1295,0.1991,27.1,77
2026-02-02T14:48:52+00:00,1296,0.1991,27.1,76
2026-02-02T14:49:12+00:00,1297,0.1991,27.1,77
2026-02-02T14:49:32+00:00,1298,0.1991,27.1,77
2026-02-02T14:49:53+00:00,1299,0.2149,27.1,77
2026-02-02T14:50:13+00:00,1300,0.2149,27.1,77
2026-02-02T14:50:33+00:00,1301,0.2149,27.1,77
2026-02-02T14:50:53+00:00,1302,0.2109,27.1,77
2026-02-02T14:51:13+00:00,1303,0.2109,27.1,77
2026-02-02T14:51:33+00:00,1304,0.2109,27.1,77
