VOC,Temperature,Humidity,VQI,label,status
0.0134,26.5,80,92.63952674092893,2,Fresh
0.0134,26.5,81,91.9252410266432,2,Fresh
0.0125,26.5,81,92.14326428245715,2,Fresh
0.0125,26.5,81,92.14326428245715,2,Fresh
0.0134,26.5,81,91.9252410266432,2,Fresh
0.0134,26.5,80,92.63952674092893,2,Fresh
0.0134,26.5,80,92.63952674092893,2,Fresh
0.0125,26.5,80,92.85754999674288,2,Fresh
0.0134,26.5,80,92.63952674092893,2,Fresh
0.0134,26.5,80,92.63952674092893,2,Fresh
0.0144,26.5,80,92.39727867891342,2,Fresh
0.0144,26.5,80,92.39727867891342,2,Fresh
0.0154,26.5,80,92.15503061689792,2,Fresh
0.0144,26.5,80,92.39727867891342,2,Fresh
0.0154,26.5,80,92.15503061689792,2,Fresh
0.0154,26.5,80,92.15503061689792,2,Fresh
0.0154,26.6,79,93.45755162530129,2,Fresh
0.0154,26.6,79,93.45755162530129,2,Fresh
0.0154,26.6,79,93.45755162530129,2,Fresh
0.0134,26.6,79,93.9420477493323,2,Fresh
0.0125,26.5,79,93.5718357110286,2,Fresh
0.0125,26.6,79,94.16007100514625,2,Fresh
0.0134,26.6,79,93.9420477493323,2,Fresh
0.0134,26.6,79,93.9420477493323,2,Fresh
0.0107,26.8,79,95.77258810500946,2,Fresh
0.0134,26.6,79,93.9420477493323,2,Fresh
0.0134,26.6,79,93.9420477493323,2,Fresh
0.0116,26.6,79,94.37809426096021,2,Fresh
0.0134,26.6,79,93.9420477493323,2,Fresh
0.0125,26.6,79,94.16007100514625,2,Fresh
0.0099,26.6,79,94.78991596638657,2,Fresh
0.0134,26.6,79,93.9420477493323,2,Fresh
0.0134,26.6,79,93.9420477493323,2,Fresh
0.0134,26.6,79,93.9420477493323,2,Fresh
0.0134,26.6,79,93.9420477493323,2,Fresh
0.0107,26.7,79,95.1843528108918,2,Fresh
0.0107,26.6,79,94.59611751677417,2,Fresh
0.0125,26.6,79,94.16007100514625,2,Fresh
0.0125,26.6,79,94.16007100514625,2,Fresh
0.0125,26.5,79,93.5718357110286,2,Fresh
0.0116,26.6,79,94.37809426096021,2,Fresh
0.0125,26.6,79,94.16007100514625,2,Fresh
0.0134,26.6,79,93.9420477493323,2,Fresh
0.0134,26.6,79,93.9420477493323,2,Fresh
0.0134,26.6,79,93.9420477493323,2,Fresh
0.0144,26.5,79,93.11156439319915,2,Fresh
0.0144,26.5,79,93.11156439319915,2,Fresh
0.0134,26.5,79,93.35381245521465,2,Fresh
0.0144,26.5,79,93.11156439319915,2,Fresh
0.0144,26.5,80,92.39727867891342,2,Fresh
0.0144,26.5,80,92.39727867891342,2,Fresh
0.0125,26.6,80,93.44578529086053,2,Fresh
0.0125,26.6,79,94.16007100514625,2,Fresh
0.0116,26.6,79,94.37809426096021,2,Fresh
0.0144,26.6,79,93.6997996873168,2,Fresh
0.0144,26.6,79,93.6997996873168,2,Fresh
0.0144,26.6,79,93.6997996873168,2,Fresh
0.0154,26.6,79,93.45755162530129,2,Fresh
0.0144,26.6,79,93.6997996873168,2,Fresh
0.0134,26.6,79,93.9420477493323,2,Fresh
0.0125,26.6,79,94.16007100514625,2,Fresh
0.0165,26.6,79,93.19107875708423,2,Fresh
0.0165,26.6,80,92.4767930427985,2,Fresh
0.0165,26.6,80,92.4767930427985,2,Fresh
0.0165,26.6,79,93.19107875708423,2,Fresh
0.0144,26.6,79,93.6997996873168,2,Fresh
0.0165,26.6,79,93.19107875708423,2,Fresh
0.0165,26.6,79,93.19107875708423,2,Fresh
0.0165,26.6,79,93.19107875708423,2,Fresh
0.0165,26.6,79,93.19107875708423,2,Fresh
0.0187,26.5,79,92.06989772653247,2,Fresh
0.0165,26.6,79,93.19107875708423,2,Fresh
0.0176,26.6,79,92.92460588886719,2,Fresh
0.0176,26.6,79,92.92460588886719,2,Fresh
0.0176,26.6,79,92.92460588886719,2,Fresh
0.0176,26.5,79,92.33637059474952,2,Fresh
0.0176,26.6,79,92.92460588886719,2,Fresh
0.0165,26.6,79,93.19107875708423,2,Fresh
0.0165,26.6,79,93.19107875708423,2,Fresh
0.0165,26.6,79,93.19107875708423,2,Fresh
0.0165,26.6,79,93.19107875708423,2,Fresh
0.0165,26.6,79,93.19107875708423,2,Fresh
0.0165,26.5,80,91.88855774868087,2,Fresh
0.0165,26.5,80,91.88855774868087,2,Fresh
0.0154,26.5,80,92.15503061689792,2,Fresh
0.0154,26.5,80,92.15503061689792,2,Fresh
0.0154,26.6,80,92.74326591101557,2,Fresh
0.0134,26.6,80,93.22776203504658,2,Fresh
0.0134,26.6,79,93.9420477493323,2,Fresh
0.0134,26.6,79,93.9420477493323,2,Fresh
0.0134,26.6,79,93.9420477493323,2,Fresh
0.0134,26.6,79,93.9420477493323,2,Fresh
0.0134,26.6,79,93.9420477493323,2,Fresh
0.0134,26.7,79,94.53028304344994,2,Fresh
0.0125,26.7,79,94.74830629926389,2,Fresh
0.0134,26.7,79,94.53028304344994,2,Fresh
0.0134,26.7,79,94.53028304344994,2,Fresh
0.0134,26.7,79,94.53028304344994,2,Fresh
0.0134,26.7,79,94.53028304344994,2,Fresh
0.0134,26.7,79,94.53028304344994,2,Fresh
0.0125,26.7,79,94.74830629926389,2,Fresh
0.0125,26.7,79,94.74830629926389,2,Fresh
0.0134,26.8,79,95.1185183375676,2,Fresh
0.0134,26.8,79,95.1185183375676,2,Fresh
0.0134,26.8,79,95.1185183375676,2,Fresh
0.0125,26.8,79,95.33654159338154,2,Fresh
0.0125,26.8,78,96.05082730766725,2,Fresh
0.0125,26.8,78,96.05082730766725,2,Fresh
0.0125,26.8,78,96.05082730766725,2,Fresh
0.0125,26.8,78,96.05082730766725,2,Fresh
0.0165,26.8,78,95.08183505960524,2,Fresh
0.0176,26.8,78,94.81536219138819,2,Fresh
0.0165,26.8,78,95.08183505960524,2,Fresh
0.0165,26.5,78,93.3171291772523,2,Fresh
0.0165,26.8,78,95.08183505960524,2,Fresh
0.0212,26.8,78,93.94326916813239,2,Fresh
0.0212,26.8,76,95.3718405967038,2,Fresh
0.0212,26.8,74,95.3718405967038,2,Fresh
0.0212,26.8,75,96.08612631098951,2,Fresh
0.0212,26.8,75,96.08612631098951,2,Fresh
0.0212,26.8,76,95.3718405967038,2,Fresh
0.0212,26.8,76,95.3718405967038,2,Fresh
0.0254,26.8,77,93.64011302195297,2,Fresh
0.0212,26.2,86,84.69957168914077,1,Moderate
0.0212,26.2,86,84.69957168914077,1,Moderate
0.0212,26.2,87,83.98528597485506,1,Moderate
0.0212,26.2,87,83.98528597485506,1,Moderate
0.024,26.2,88,82.59270568692594,1,Moderate
0.024,26.2,88,82.59270568692594,1,Moderate
0.024,26.2,88,82.59270568692594,1,Moderate
0.0226,26.2,88,82.93185297374764,1,Moderate
0.0226,26.2,88,82.93185297374764,1,Moderate
0.024,26.2,88,82.59270568692594,1,Moderate
0.0254,26.2,88,82.25355840010423,1,Moderate
0.024,26.2,88,82.59270568692594,1,Moderate
0.024,26.2,88,82.59270568692594,1,Moderate
0.024,26.2,88,82.59270568692594,1,Moderate
0.024,26.2,88,82.59270568692594,1,Moderate
0.0254,26.2,88,82.25355840010423,1,Moderate
0.024,26.2,88,82.59270568692594,1,Moderate
0.0254,26.2,88,82.25355840010423,1,Moderate
0.0212,26.2,88,83.27100026056935,1,Moderate
0.0212,26.2,88,83.27100026056935,1,Moderate
0.0212,26.2,88,83.27100026056935,1,Moderate
0.0212,26.2,88,83.27100026056935,1,Moderate
0.02,26.2,88,83.56169793498796,1,Moderate
0.0226,26.2,88,82.93185297374764,1,Moderate
0.0226,26.2,88,82.93185297374764,1,Moderate
0.0226,26.2,88,82.93185297374764,1,Moderate
0.0212,26.2,88,83.27100026056935,1,Moderate
0.02,26.2,88,83.56169793498796,1,Moderate
0.02,26.2,89,82.84741222070224,1,Moderate
0.0212,26.2,89,82.55671454628363,1,Moderate
0.0212,26.2,88,83.27100026056935,1,Moderate
0.0212,26.2,88,83.27100026056935,1,Moderate
0.0187,26.2,88,83.8766204156081,1,Moderate
0.0187,26.2,88,83.8766204156081,1,Moderate
0.0187,26.2,88,83.8766204156081,1,Moderate
0.0187,26.2,88,83.8766204156081,1,Moderate
0.0187,26.2,88,83.8766204156081,1,Moderate
0.0212,26.2,88,83.27100026056935,1,Moderate
0.0212,26.2,88,83.27100026056935,1,Moderate
0.0212,26.2,88,83.27100026056935,1,Moderate
0.0212,26.1,88,82.6827649664517,1,Moderate
0.0212,26.2,88,83.27100026056935,1,Moderate
0.0212,26.2,88,83.27100026056935,1,Moderate
0.0212,26.2,88,83.27100026056935,1,Moderate
0.0212,26.2,88,83.27100026056935,1,Moderate
0.0212,26.2,88,83.27100026056935,1,Moderate
0.0212,26.2,88,83.27100026056935,1,Moderate
0.0212,26.2,88,83.27100026056935,1,Moderate
0.0212,26.2,88,83.27100026056935,1,Moderate
0.0212,26.2,88,83.27100026056935,1,Moderate
0.0212,26.2,88,83.27100026056935,1,Moderate
0.0212,26.2,88,83.27100026056935,1,Moderate
0.0212,26.2,88,83.27100026056935,1,Moderate
0.0212,26.2,88,83.27100026056935,1,Moderate
0.0212,26.2,88,83.27100026056935,1,Moderate
0.0212,26.2,88,83.27100026056935,1,Moderate
0.0212,26.2,88,83.27100026056935,1,Moderate
0.0212,26.2,88,83.27100026056935,1,Moderate
0.0212,26.2,88,83.27100026056935,1,Moderate
0.0212,26.2,88,83.27100026056935,1,Moderate
0.0212,26.2,88,83.27100026056935,1,Moderate
0.0212,26.2,88,83.27100026056935,1,Moderate
0.0212,26.2,88,83.27100026056935,1,Moderate
0.0212,26.2,88,83.27100026056935,1,Moderate
0.0212,26.2,88,83.27100026056935,1,Moderate
0.0212,26.2,88,83.27100026056935,1,Moderate
0.0212,26.2,88,83.27100026056935,1,Moderate
0.0212,26.2,88,83.27100026056935,1,Moderate
0.02,26.2,88,83.56169793498796,1,Moderate
0.0212,26.2,88,83.27100026056935,1,Moderate
0.0212,26.2,88,83.27100026056935,1,Moderate
0.02,26.2,88,83.56169793498796,1,Moderate
0.02,26.2,88,83.56169793498796,1,Moderate
0.0212,26.2,88,83.27100026056935,1,Moderate
0.0212,26.2,88,83.27100026056935,1,Moderate
0.02,26.2,88,83.56169793498796,1,Moderate
0.02,26.2,88,83.56169793498796,1,Moderate
0.02,26.1,88,82.97346264087031,1,Moderate
0.0212,26.1,88,82.6827649664517,1,Moderate
0.0212,26.2,88,83.27100026056935,1,Moderate
0.0212,26.2,88,83.27100026056935,1,Moderate
0.0212,26.2,88,83.27100026056935,1,Moderate
0.02,26.2,88,83.56169793498796,1,Moderate
0.02,26.2,88,83.56169793498796,1,Moderate
0.02,26.2,88,83.56169793498796,1,Moderate
0.0212,26.2,88,83.27100026056935,1,Moderate
0.0212,26.1,88,82.6827649664517,1,Moderate
0.0212,26.2,88,83.27100026056935,1,Moderate
0.0212,26.1,88,82.6827649664517,1,Moderate
0.02,26.1,88,82.97346264087031,1,Moderate
0.02,26.2,88,83.56169793498796,1,Moderate
0.02,26.1,88,82.97346264087031,1,Moderate
0.02,26.2,88,83.56169793498796,1,Moderate
0.02,26.1,88,82.97346264087031,1,Moderate
0.02,26.1,88,82.97346264087031,1,Moderate
0.02,26.1,88,82.97346264087031,1,Moderate
0.02,26.1,88,82.97346264087031,1,Moderate
0.02,26.1,88,82.97346264087031,1,Moderate
0.02,26.1,88,82.97346264087031,1,Moderate
0.024,26.1,88,82.00447039280829,1,Moderate
0.0226,26.1,88,82.34361767962999,1,Moderate
0.0226,26.4,66,86.96546641912578,1,Moderate
0.0226,26.3,70,89.234373982151,2,Fresh
0.0226,26.3,66,86.37723112500815,1,Moderate
0.0226,26.3,67,87.09151683929386,1,Moderate
0.0226,26.3,67,87.09151683929386,1,Moderate
0.0226,26.5,69,89.69655885610057,2,Fresh
0.0254,26.6,70,90.32078529086053,2,Fresh
0.0254,26.9,68,90.65691974464204,2,Fresh
0.0254,27.0,67,90.53086932447397,2,Fresh
0.0254,26.9,67,89.94263403035633,2,Fresh
0.0254,26.9,67,89.94263403035633,2,Fresh
0.0254,26.9,67,89.94263403035633,2,Fresh
0.0254,26.8,67,89.35439873623868,2,Fresh
0.02,26.8,67,90.66253827112241,2,Fresh
0.0212,26.8,67,90.3718405967038,2,Fresh
0.0212,26.8,67,90.3718405967038,2,Fresh
0.0212,26.7,67,89.78360530258614,2,Fresh
0.0212,26.7,67,89.78360530258614,2,Fresh
0.0212,26.6,68,89.90965572275424,2,Fresh
0.0212,26.6,67,89.19537000846852,2,Fresh
0.0212,26.6,68,89.90965572275424,2,Fresh
0.0212,26.6,68,89.90965572275424,2,Fresh
0.0212,26.6,68,89.90965572275424,2,Fresh
0.0212,26.6,68,89.90965572275424,2,Fresh
0.0212,26.5,68,89.32142042863657,2,Fresh
0.0212,26.5,69,90.03570614292228,2,Fresh
0.0212,26.5,69,90.03570614292228,2,Fresh
0.0212,26.5,69,90.03570614292228,2,Fresh
0.02,26.2,69,88.56169793498795,2,Fresh
0.02,26.5,69,90.32640381734089,2,Fresh
0.02,26.5,69,90.32640381734089,2,Fresh
0.02,26.5,69,90.32640381734089,2,Fresh
0.02,26.5,69,90.32640381734089,2,Fresh
0.02,26.5,69,90.32640381734089,2,Fresh
0.0269,26.5,69,88.65489218943391,2,Fresh
0.0269,26.5,69,88.65489218943391,2,Fresh
0.0269,26.5,69,88.65489218943391,2,Fresh
0.0212,26.5,69,90.03570614292228,2,Fresh
0.0212,26.5,69,90.03570614292228,2,Fresh
0.0212,26.5,69,90.03570614292228,2,Fresh
0.02,26.5,69,90.32640381734089,2,Fresh
0.0212,26.5,69,90.03570614292228,2,Fresh
0.0212,26.5,69,90.03570614292228,2,Fresh
0.02,26.5,69,90.32640381734089,2,Fresh
0.02,26.5,69,90.32640381734089,2,Fresh
0.02,26.5,69,90.32640381734089,2,Fresh
0.0226,26.5,69,89.69655885610057,2,Fresh
0.0226,26.5,69,89.69655885610057,2,Fresh
0.0226,26.5,69,89.69655885610057,2,Fresh
0.02,26.5,69,90.32640381734089,2,Fresh
0.02,26.5,69,90.32640381734089,2,Fresh
0.02,26.5,69,90.32640381734089,2,Fresh
0.0212,26.5,69,90.03570614292228,2,Fresh
0.0212,26.5,69,90.03570614292228,2,Fresh
0.02,26.5,69,90.32640381734089,2,Fresh
0.02,26.4,69,89.73816852322324,2,Fresh
0.0212,26.5,70,90.74999185720799,2,Fresh
0.0212,26.5,71,91.46427757149371,2,Fresh
0.0212,26.5,71,91.46427757149371,2,Fresh
0.0212,26.5,71,91.46427757149371,2,Fresh
0.0212,26.5,71,91.46427757149371,2,Fresh
0.0212,26.5,71,91.46427757149371,2,Fresh
0.02,26.5,71,91.75497524591232,2,Fresh
0.02,26.5,71,91.75497524591232,2,Fresh
0.02,26.5,72,92.46926096019803,2,Fresh
0.0212,26.5,72,92.17856328577942,2,Fresh
0.02,26.5,72,92.46926096019803,2,Fresh
0.02,26.5,72,92.46926096019803,2,Fresh
0.02,26.5,72,92.46926096019803,2,Fresh
0.02,26.5,72,92.46926096019803,2,Fresh
0.02,26.5,72,92.46926096019803,2,Fresh
0.02,26.5,71,91.75497524591232,2,Fresh
0.02,26.5,71,91.75497524591232,2,Fresh
0.02,26.5,71,91.75497524591232,2,Fresh
0.0212,26.5,71,91.46427757149371,2,Fresh
0.0212,26.5,71,91.46427757149371,2,Fresh
0.0212,26.5,71,91.46427757149371,2,Fresh
0.0212,26.5,71,91.46427757149371,2,Fresh
0.0212,26.5,71,91.46427757149371,2,Fresh
0.0212,26.5,71,91.46427757149371,2,Fresh
0.0212,26.5,71,91.46427757149371,2,Fresh
0.0212,26.4,71,90.87604227737607,2,Fresh
0.0212,26.5,71,91.46427757149371,2,Fresh
0.0212,26.5,71,91.46427757149371,2,Fresh
0.0212,26.3,71,90.28780698325842,2,Fresh
0.0212,26.4,71,90.87604227737607,2,Fresh
0.0212,26.5,71,91.46427757149371,2,Fresh
0.0212,26.5,71,91.46427757149371,2,Fresh
0.0212,26.5,71,91.46427757149371,2,Fresh
0.0212,26.5,71,91.46427757149371,2,Fresh
0.0212,26.5,71,91.46427757149371,2,Fresh
0.0212,26.4,71,90.87604227737607,2,Fresh
0.0212,26.2,71,89.69957168914078,2,Fresh
0.0212,26.4,71,90.87604227737607,2,Fresh
0.0212,26.5,71,91.46427757149371,2,Fresh
0.0212,26.4,71,90.87604227737607,2,Fresh
0.0212,26.4,71,90.87604227737607,2,Fresh
0.02,26.4,70,90.45245423750895,2,Fresh
0.0212,26.3,70,89.5735212689727,2,Fresh
0.0212,26.4,70,90.16175656309035,2,Fresh
0.0212,26.4,70,90.16175656309035,2,Fresh
0.0212,26.5,70,90.74999185720799,2,Fresh
0.0212,26.4,70,90.16175656309035,2,Fresh
0.0212,26.4,70,90.16175656309035,2,Fresh
0.0212,26.4,70,90.16175656309035,2,Fresh
0.0212,26.4,70,90.16175656309035,2,Fresh
0.0285,26.4,70,88.39334571037716,2,Fresh
0.024,26.5,70,90.07169728356457,2,Fresh
0.024,26.4,66,86.62631913230408,1,Moderate
0.024,26.4,66,86.62631913230408,1,Moderate
0.024,26.4,64,85.19774770373265,1,Moderate
0.024,26.4,64,85.19774770373265,1,Moderate
0.024,26.2,63,83.30699140121165,1,Moderate
0.024,26.4,64,85.19774770373265,1,Moderate
0.024,26.4,64,85.19774770373265,1,Moderate
0.024,26.4,64,85.19774770373265,1,Moderate
0.024,26.4,64,85.19774770373265,1,Moderate
0.024,26.4,64,85.19774770373265,1,Moderate
0.024,26.3,64,84.60951240961501,1,Moderate
0.0226,26.3,64,84.9486596964367,1,Moderate
0.0226,26.3,65,85.66294541072243,1,Moderate
0.0226,26.3,65,85.66294541072243,1,Moderate
0.0226,26.3,64,84.9486596964367,1,Moderate
0.0226,26.4,64,85.53689499055434,1,Moderate
0.0212,26.3,64,85.28780698325842,1,Moderate
0.02,26.3,65,86.29279037196274,1,Moderate
0.0301,26.3,65,83.84608494560615,1,Moderate
0.0269,26.3,65,84.62127874405576,1,Moderate
0.0269,26.3,65,84.62127874405576,1,Moderate
0.0269,26.3,65,84.62127874405576,1,Moderate
0.0285,26.5,65,85.41015243306624,1,Moderate
0.0254,26.5,65,86.16112142531432,1,Moderate
0.0254,26.5,65,86.16112142531432,1,Moderate
0.0254,26.5,65,86.16112142531432,1,Moderate
0.0254,26.5,65,86.16112142531432,1,Moderate
0.0254,26.5,65,86.16112142531432,1,Moderate
0.024,26.5,65,86.500268712136,1,Moderate
0.024,26.5,65,86.500268712136,1,Moderate
0.0254,26.5,64,85.4468357110286,1,Moderate
0.0285,26.5,65,85.41015243306624,1,Moderate
0.0285,26.3,65,84.23368184483095,1,Moderate
0.0285,26.3,64,83.51939613054525,1,Moderate
0.0254,26.5,65,86.16112142531432,1,Moderate
0.0254,26.5,64,85.4468357110286,1,Moderate
0.0254,26.3,65,84.98465083707902,1,Moderate
0.0254,26.3,65,84.98465083707902,1,Moderate
0.0226,26.3,65,85.66294541072243,1,Moderate
0.0226,26.3,65,85.66294541072243,1,Moderate
0.0226,26.3,65,85.66294541072243,1,Moderate
0.0254,26.5,65,86.16112142531432,1,Moderate
0.0226,26.3,64,84.9486596964367,1,Moderate
0.0254,26.3,64,84.27036512279331,1,Moderate
0.0254,26.3,64,84.27036512279331,1,Moderate
0.0254,26.3,64,84.27036512279331,1,Moderate
0.0226,26.3,64,84.9486596964367,1,Moderate
0.024,26.3,64,84.60951240961501,1,Moderate
0.0226,26.3,64,84.9486596964367,1,Moderate
0.024,26.3,65,85.32379812390072,1,Moderate
0.024,26.3,65,85.32379812390072,1,Moderate
0.024,26.3,65,85.32379812390072,1,Moderate
0.0226,26.3,65,85.66294541072243,1,Moderate
0.024,26.3,65,85.32379812390072,1,Moderate
0.024,26.3,65,85.32379812390072,1,Moderate
0.024,26.3,64,84.60951240961501,1,Moderate
0.0226,26.3,64,84.9486596964367,1,Moderate
0.0226,26.3,64,84.9486596964367,1,Moderate
0.024,26.3,64,84.60951240961501,1,Moderate
0.024,26.3,65,85.32379812390072,1,Moderate
0.024,26.3,66,86.03808383818642,1,Moderate
0.024,26.3,66,86.03808383818642,1,Moderate
0.024,26.2,67,86.16413425835451,1,Moderate
0.024,26.3,68,87.46665526675787,2,Fresh
0.024,26.3,68,87.46665526675787,2,Fresh
0.024,26.3,67,86.75236955247215,1,Moderate
0.024,26.3,67,86.75236955247215,1,Moderate
0.024,26.3,67,86.75236955247215,1,Moderate
0.024,26.3,67,86.75236955247215,1,Moderate
0.024,26.3,67,86.75236955247215,1,Moderate
0.024,26.3,67,86.75236955247215,1,Moderate
0.024,26.3,67,86.75236955247215,1,Moderate
0.024,26.3,67,86.75236955247215,1,Moderate
0.024,26.3,67,86.75236955247215,1,Moderate
0.024,26.3,67,86.75236955247215,1,Moderate
0.0226,26.4,68,88.3940378476972,2,Fresh
0.024,26.4,69,88.76917627516121,2,Fresh
0.024,26.4,69,88.76917627516121,2,Fresh
0.024,26.4,68,88.0548905608755,2,Fresh
0.024,26.4,68,88.0548905608755,2,Fresh
0.024,26.4,68,88.0548905608755,2,Fresh
0.024,26.4,67,87.3406048465898,2,Fresh
0.024,26.4,67,87.3406048465898,2,Fresh
0.0226,26.3,67,87.09151683929386,1,Moderate
0.0226,26.3,67,87.09151683929386,1,Moderate
0.0226,26.3,67,87.09151683929386,1,Moderate
0.0301,26.3,67,85.27465637417758,1,Moderate
0.0285,26.3,67,85.66225327340238,1,Moderate
0.0285,26.3,67,85.66225327340238,1,Moderate
0.0285,26.3,67,85.66225327340238,1,Moderate
0.0285,26.5,67,86.83872386163767,1,Moderate
0.0285,30.1,65,70.1160347860074,0,Not Fresh
0.0285,30.3,65,68.93956419777211,0,Not Fresh
0.0285,30.3,64,68.2252784834864,0,Not Fresh
0.0285,30.3,65,68.93956419777211,0,Not Fresh
0.0285,30.3,66,69.65384991205784,0,Not Fresh
0.0285,30.5,65,67.76309360953682,0,Not Fresh
0.0285,30.3,65,68.93956419777211,0,Not Fresh
0.0285,30.3,64,68.2252784834864,0,Not Fresh
0.0226,30.5,63,67.76378574685687,0,Not Fresh
0.0354,30.4,64,65.9655315614618,0,Not Fresh
0.0392,30.4,64,65.04498892580287,0,Not Fresh
0.0354,30.3,64,66.55376685557943,0,Not Fresh
0.0354,30.3,64,66.55376685557943,0,Not Fresh
0.0354,30.3,64,66.55376685557943,0,Not Fresh
0.024,30.3,64,69.31539476255617,0,Not Fresh
0.024,30.3,64,69.31539476255617,0,Not Fresh
0.024,30.3,64,69.31539476255617,0,Not Fresh
0.024,30.3,64,69.31539476255617,0,Not Fresh
0.024,30.4,64,68.72715946843854,0,Not Fresh
0.024,30.4,64,68.72715946843854,0,Not Fresh
0.024,30.4,64,68.72715946843854,0,Not Fresh
0.024,30.4,64,68.72715946843854,0,Not Fresh
0.0269,30.3,64,68.61287538271121,0,Not Fresh
0.0226,30.3,64,69.65454204937788,0,Not Fresh
0.0226,30.3,63,68.94025633509216,0,Not Fresh
0.0226,30.3,64,69.65454204937788,0,Not Fresh
0.0226,30.6,63,67.17555045273922,0,Not Fresh
0.0226,30.8,62,65.28479415021822,0,Not Fresh
0.0226,30.8,62,65.28479415021822,0,Not Fresh
0.0226,30.9,61,63.98227314181486,0,Not Fresh
0.024,30.9,61,63.64312585499315,0,Not Fresh
0.0226,30.8,63,65.99907986450393,0,Not Fresh
0.024,31.2,62,62.59270568692592,0,Not Fresh
0.024,31.2,61,61.87841997264021,0,Not Fresh
0.024,30.8,61,64.23136114911078,0,Not Fresh
0.0269,30.4,62,66.59606866002214,0,Not Fresh
0.0318,30.1,63,67.88804475278482,0,Not Fresh
0.0318,29.8,63,69.65275063513778,0,Not Fresh
0.0318,29.6,64,71.54350693765878,0,Not Fresh
0.0318,29.5,64,72.13174223177643,0,Not Fresh
0.0301,29.4,65,73.84608494560615,0,Not Fresh
0.0301,29.3,65,74.43432023972379,0,Not Fresh
0.0301,29.2,65,75.02255553384144,0,Not Fresh
0.0335,29.1,66,75.50143313139208,0,Not Fresh
0.0301,29.0,66,76.91331183636245,0,Not Fresh
0.0335,29.0,66,76.08966842550973,0,Not Fresh
0.0318,28.9,65,76.37543971076803,0,Not Fresh
0.0301,28.9,65,76.78726141619438,0,Not Fresh
0.0285,28.9,66,77.88914402970491,0,Not Fresh
0.0285,28.8,66,78.47737932382255,1,Moderate
0.0335,28.8,66,77.26613901374502,0,Not Fresh
0.0335,28.7,66,77.85437430786268,0,Not Fresh
0.0269,28.7,66,79.453211517165,1,Moderate
0.0269,28.6,66,80.04144681128264,1,Moderate
0.0269,28.8,69,81.00783336590449,1,Moderate
0.0269,28.8,66,78.86497622304735,1,Moderate
0.0269,29.0,66,77.68850563481206,0,Not Fresh
0.0269,29.0,69,79.8313627776692,1,Moderate
0.0269,29.0,69,79.8313627776692,1,Moderate
0.0269,29.0,69,79.8313627776692,1,Moderate
0.0269,29.0,66,77.68850563481206,0,Not Fresh
0.0269,29.0,69,79.8313627776692,1,Moderate
0.0286,28.9,68,79.29349065207478,1,Moderate
0.0286,28.9,69,80.00777636636049,1,Moderate
0.0286,29.0,66,77.2766839293857,0,Not Fresh
0.0286,28.9,66,77.86491922350336,0,Not Fresh
0.0286,28.9,66,77.86491922350336,0,Not Fresh
0.0286,28.9,66,77.86491922350336,0,Not Fresh
0.0286,29.0,68,78.70525535795713,1,Moderate
0.0286,28.9,67,78.57920493778907,1,Moderate
0.0286,28.9,67,78.57920493778907,1,Moderate
0.0286,28.9,70,80.72206208064621,1,Moderate
0.0286,28.9,67,78.57920493778907,1,Moderate
0.0286,28.9,66,77.86491922350336,0,Not Fresh
0.0286,28.9,69,80.00777636636049,1,Moderate
0.0302,28.9,65,76.76303660999282,0,Not Fresh
0.0302,28.8,65,77.35127190411046,0,Not Fresh
0.0302,28.8,66,78.06555761839617,1,Moderate
0.0302,28.8,67,78.77984333268189,1,Moderate
0.0302,28.7,67,79.36807862679956,1,Moderate
0.0302,28.7,68,80.08236434108528,1,Moderate
0.0302,28.6,68,80.6705996352029,1,Moderate
0.0302,28.6,68,80.6705996352029,1,Moderate
0.0302,28.7,68,80.08236434108528,1,Moderate
0.0304,28.6,68,80.6221500227998,1,Moderate
0.0304,28.6,68,80.6221500227998,1,Moderate
0.0304,28.5,68,81.21038531691745,1,Moderate
0.0316,28.5,68,80.91968764249884,1,Moderate
0.0316,28.5,68,80.91968764249884,1,Moderate
0.0316,28.5,68,80.91968764249884,1,Moderate
0.0316,28.4,68,81.50792293661651,1,Moderate
0.0316,28.3,68,82.09615823073413,1,Moderate
0.0316,28.3,68,82.09615823073413,1,Moderate
0.0316,28.3,68,82.09615823073413,1,Moderate
0.0316,28.3,69,82.81044394501986,1,Moderate
0.0316,28.2,69,83.39867923913752,1,Moderate
0.0316,28.1,69,83.98691453325515,1,Moderate
0.0316,28.0,69,84.57514982737281,1,Moderate
0.0304,28.0,69,84.86584750179141,1,Moderate
0.0304,28.0,70,85.58013321607713,1,Moderate
0.0304,27.9,69,85.45408279590906,1,Moderate
0.0304,27.9,69,85.45408279590906,1,Moderate
0.0304,27.9,69,85.45408279590906,1,Moderate
0.0304,27.9,69,85.45408279590906,1,Moderate
0.0304,27.8,69,86.0423180900267,1,Moderate
0.0304,27.8,69,86.0423180900267,1,Moderate
0.0304,27.8,70,86.75660380431242,1,Moderate
0.037,27.8,70,85.15776659501009,1,Moderate
0.037,27.8,70,85.15776659501009,1,Moderate
0.037,27.7,70,85.74600188912774,1,Moderate
0.037,27.7,70,85.74600188912774,1,Moderate
0.037,27.7,70,85.74600188912774,1,Moderate
0.037,27.7,70,85.74600188912774,1,Moderate
0.037,27.6,70,86.33423718324538,1,Moderate
0.037,27.5,70,86.92247247736303,1,Moderate
0.037,27.5,71,87.63675819164875,2,Fresh
0.037,27.5,71,87.63675819164875,2,Fresh
0.037,27.5,71,87.63675819164875,2,Fresh
0.037,27.5,71,87.63675819164875,2,Fresh
0.037,27.5,71,87.63675819164875,2,Fresh
0.037,27.5,71,87.63675819164875,2,Fresh
0.0332,27.5,71,88.55730082730766,2,Fresh
0.0332,27.4,71,89.14553612142532,2,Fresh
0.0332,27.4,71,89.14553612142532,2,Fresh
0.0332,27.4,71,89.14553612142532,2,Fresh
0.0332,27.4,71,89.14553612142532,2,Fresh
0.0332,27.4,71,89.14553612142532,2,Fresh
0.0332,27.4,71,89.14553612142532,2,Fresh
0.0332,27.4,71,89.14553612142532,2,Fresh
0.0332,27.4,71,89.14553612142532,2,Fresh
0.0332,27.4,71,89.14553612142532,2,Fresh
0.0332,27.3,71,89.73377141554295,2,Fresh
0.0332,27.4,72,89.85982183571105,2,Fresh
0.0335,26.9,80,90.12328187088787,2,Fresh
0.0335,26.9,79,90.8375675851736,2,Fresh
0.0335,26.9,78,91.55185329945931,2,Fresh
0.0335,26.9,79,90.8375675851736,2,Fresh
0.0335,27.0,78,92.14008859357696,2,Fresh
0.0335,27.0,78,92.14008859357696,2,Fresh
0.0335,27.0,77,92.85437430786267,2,Fresh
0.0354,27.0,77,92.39410299003322,2,Fresh
0.0392,27.0,78,90.75927464008859,2,Fresh
0.0335,27.0,79,91.42580287929125,2,Fresh
0.0335,27.0,78,92.14008859357696,2,Fresh
0.0335,27.0,78,92.14008859357696,2,Fresh
0.0335,27.0,78,92.14008859357696,2,Fresh
0.0318,27.0,79,91.83762458471762,2,Fresh
0.0318,27.0,79,91.83762458471762,2,Fresh
0.0318,27.0,79,91.83762458471762,2,Fresh
0.0318,27.0,80,91.1233388704319,2,Fresh
0.0318,27.0,79,91.83762458471762,2,Fresh
0.0318,27.0,79,91.83762458471762,2,Fresh
0.0335,27.0,78,92.14008859357696,2,Fresh
0.0318,27.0,78,92.55191029900332,2,Fresh
0.0301,27.0,78,92.96373200442969,2,Fresh
0.0301,27.0,78,92.96373200442969,2,Fresh
0.0301,27.0,78,92.96373200442969,2,Fresh
0.0301,27.0,78,92.96373200442969,2,Fresh
0.0301,26.9,78,92.37549671031202,2,Fresh
0.0318,27.0,77,93.26619601328903,2,Fresh
0.0318,27.0,78,92.55191029900332,2,Fresh
0.0318,27.0,78,92.55191029900332,2,Fresh
0.0318,27.0,78,92.55191029900332,2,Fresh
0.0318,27.0,78,92.55191029900332,2,Fresh
0.0354,27.0,78,91.67981727574751,2,Fresh
0.0354,27.0,78,91.67981727574751,2,Fresh
0.0354,27.0,79,90.9655315614618,2,Fresh
0.0412,27.1,80,88.25797179336848,2,Fresh
0.0412,27.1,79,88.9722575076542,2,Fresh
0.0455,27.1,79,87.93059084098755,2,Fresh
0.0455,27.3,78,87.46840596703798,2,Fresh
0.0455,27.3,78,87.46840596703798,2,Fresh
0.0455,27.3,77,88.18269168132369,2,Fresh
0.0455,27.3,77,88.18269168132369,2,Fresh
0.0455,27.3,77,88.18269168132369,2,Fresh
0.0455,27.4,76,88.30874210149176,2,Fresh
0.0455,27.4,76,88.30874210149176,2,Fresh
0.0412,27.4,76,89.35040876815843,2,Fresh
0.0412,27.4,76,89.35040876815843,2,Fresh
0.0412,27.4,76,89.35040876815843,2,Fresh
0.0433,27.4,75,89.55597355221158,2,Fresh
0.0412,27.4,75,90.06469448244414,2,Fresh
0.0433,27.4,75,89.55597355221158,2,Fresh
0.0455,27.4,75,89.02302781577748,2,Fresh
0.0412,27.4,75,90.06469448244414,2,Fresh
0.0412,27.4,75,90.06469448244414,2,Fresh
0.0372,27.4,75,91.03368673050616,2,Fresh
0.0391,27.3,75,91.16165070679433,2,Fresh
0.0392,27.4,75,90.54919060647515,2,Fresh
0.0392,27.3,75,91.13742590059277,2,Fresh
0.0392,27.4,76,89.83490489218944,2,Fresh
0.0392,27.3,76,90.42314018630707,2,Fresh
0.0392,27.4,76,89.83490489218944,2,Fresh
0.0392,27.4,76,89.83490489218944,2,Fresh
0.0392,27.3,76,90.42314018630707,2,Fresh
0.0392,27.3,77,89.70885447202134,2,Fresh
0.0392,27.3,77,89.70885447202134,2,Fresh
0.0392,27.3,76,90.42314018630707,2,Fresh
0.0412,27.3,76,89.93864406227605,2,Fresh
0.0412,27.3,76,89.93864406227605,2,Fresh
0.0412,27.3,77,89.22435834799035,2,Fresh
0.0412,27.3,77,89.22435834799035,2,Fresh
0.0412,27.3,77,89.22435834799035,2,Fresh
0.0412,27.3,78,88.51007263370462,2,Fresh
0.0412,27.3,77,89.22435834799035,2,Fresh
0.0412,27.3,77,89.22435834799035,2,Fresh
0.0412,27.3,76,89.93864406227605,2,Fresh
0.0412,27.3,76,89.93864406227605,2,Fresh
0.0412,27.3,77,89.22435834799035,2,Fresh
0.0433,27.3,76,89.4299231320435,2,Fresh
0.0433,27.3,76,89.4299231320435,2,Fresh
0.0433,27.3,76,89.4299231320435,2,Fresh
0.0433,27.3,77,88.71563741775779,2,Fresh
0.0412,27.3,77,89.22435834799035,2,Fresh
0.0412,27.3,76,89.93864406227605,2,Fresh
0.0412,27.2,76,90.52687935639372,2,Fresh
0.0412,27.2,76,90.52687935639372,2,Fresh
0.0412,27.2,76,90.52687935639372,2,Fresh
0.0412,27.2,76,90.52687935639372,2,Fresh
0.0412,27.2,76,90.52687935639372,2,Fresh
0.0435,27.2,77,89.25542309947235,2,Fresh
0.0435,27.2,77,89.25542309947235,2,Fresh
0.0435,27.2,76,89.96970881375806,2,Fresh
0.0435,27.2,76,89.96970881375806,2,Fresh
0.0435,27.2,76,89.96970881375806,2,Fresh
0.0435,27.1,76,90.5579441078757,2,Fresh
0.0435,27.1,76,90.5579441078757,2,Fresh
0.0435,27.1,76,90.5579441078757,2,Fresh
0.0435,27.1,76,90.5579441078757,2,Fresh
0.0435,27.1,76,90.5579441078757,2,Fresh
0.0435,27.1,76,90.5579441078757,2,Fresh
0.0412,27.1,76,91.11511465051134,2,Fresh
0.0412,27.1,76,91.11511465051134,2,Fresh
0.0412,27.1,76,91.11511465051134,2,Fresh
0.0412,27.1,76,91.11511465051134,2,Fresh
0.0412,27.1,76,91.11511465051134,2,Fresh
0.0412,27.1,76,91.11511465051134,2,Fresh
0.0412,27.1,76,91.11511465051134,2,Fresh
0.0412,27.1,76,91.11511465051134,2,Fresh
0.0412,27.1,76,91.11511465051134,2,Fresh
0.0412,27.1,76,91.11511465051134,2,Fresh
0.0412,27.1,76,91.11511465051134,2,Fresh
0.0412,27.1,76,91.11511465051134,2,Fresh
0.0412,27.1,76,91.11511465051134,2,Fresh
0.0412,27.1,76,91.11511465051134,2,Fresh
0.0435,27.1,77,89.84365839358999,2,Fresh
0.0435,27.1,77,89.84365839358999,2,Fresh
0.0435,26.9,71,88.41508696501856,2,Fresh
0.0435,26.9,71,88.41508696501856,2,Fresh
0.0435,26.9,71,88.41508696501856,2,Fresh
0.0435,26.9,71,88.41508696501856,2,Fresh
0.0435,27.0,71,89.00332225913623,2,Fresh
0.0435,27.0,71,89.00332225913623,2,Fresh
0.0469,27.0,71,88.1796788482835,2,Fresh
0.0469,27.0,71,88.1796788482835,2,Fresh
0.0469,27.0,71,88.1796788482835,2,Fresh
0.0469,27.0,71,88.1796788482835,2,Fresh
0.0469,27.0,71,88.1796788482835,2,Fresh
0.0469,27.0,70,87.46539313399778,2,Fresh
0.0469,27.0,71,88.1796788482835,2,Fresh
0.0469,27.0,71,88.1796788482835,2,Fresh
0.0469,27.0,71,88.1796788482835,2,Fresh
0.0469,27.0,71,88.1796788482835,2,Fresh
0.0469,27.0,71,88.1796788482835,2,Fresh
0.0433,27.0,71,89.05177187153932,2,Fresh
0.0433,27.0,71,89.05177187153932,2,Fresh
0.0433,27.0,71,89.05177187153932,2,Fresh
0.0433,27.0,71,89.05177187153932,2,Fresh
0.0433,27.0,70,88.3374861572536,2,Fresh
0.0433,27.1,70,87.74925086313593,2,Fresh
0.0433,27.0,71,89.05177187153932,2,Fresh
0.0433,27.0,71,89.05177187153932,2,Fresh
0.0418,27.0,71,89.41514396456257,2,Fresh
0.0418,27.0,71,89.41514396456257,2,Fresh
0.0418,27.0,71,89.41514396456257,2,Fresh
0.0418,27.0,71,89.41514396456257,2,Fresh
0.0418,27.0,71,89.41514396456257,2,Fresh
0.0418,27.0,71,89.41514396456257,2,Fresh
0.0418,27.0,71,89.41514396456257,2,Fresh
0.0418,27.0,71,89.41514396456257,2,Fresh
0.0418,27.0,72,90.12942967884828,2,Fresh
0.0418,27.0,72,90.12942967884828,2,Fresh
0.0418,27.0,71,89.41514396456257,2,Fresh
0.0476,27.0,71,88.01010520487264,2,Fresh
0.0476,27.0,71,88.01010520487264,2,Fresh
0.0454,27.0,71,88.54305094130677,2,Fresh
0.0454,27.0,71,88.54305094130677,2,Fresh
0.0454,26.9,71,87.9548156471891,2,Fresh
0.0454,26.9,71,87.9548156471891,2,Fresh
0.0454,26.9,71,87.9548156471891,2,Fresh
0.0454,26.9,71,87.9548156471891,2,Fresh
0.0454,26.9,71,87.9548156471891,2,Fresh
0.0454,27.0,71,88.54305094130677,2,Fresh
0.0454,26.9,71,87.9548156471891,2,Fresh
0.044,26.8,71,87.70572763989317,2,Fresh
0.044,26.9,71,88.29396293401082,2,Fresh
0.044,26.8,71,87.70572763989317,2,Fresh
0.044,26.9,71,88.29396293401082,2,Fresh
0.044,26.9,71,88.29396293401082,2,Fresh
0.044,26.8,71,87.70572763989317,2,Fresh
0.044,26.9,71,88.29396293401082,2,Fresh
0.044,26.9,71,88.29396293401082,2,Fresh
0.044,26.8,70,86.99144192560745,1,Moderate
0.044,26.9,70,87.5796772197251,2,Fresh
0.0487,26.9,70,86.44111132825222,1,Moderate
0.0487,26.9,70,86.44111132825222,1,Moderate
0.0487,26.9,70,86.44111132825222,1,Moderate
0.0487,26.9,70,86.44111132825222,1,Moderate
0.0487,26.9,70,86.44111132825222,1,Moderate
0.0485,26.8,70,85.90132564653769,1,Moderate
0.0418,26.9,70,88.11262295615919,2,Fresh
0.0418,26.9,70,88.11262295615919,2,Fresh
0.0418,26.9,70,88.11262295615919,2,Fresh
0.0435,26.9,70,87.70080125073284,2,Fresh
0.0435,26.9,70,87.70080125073284,2,Fresh
0.0472,26.9,69,86.09019770698977,1,Moderate
0.0472,26.9,69,86.09019770698977,1,Moderate
0.0472,26.9,69,86.09019770698977,1,Moderate
0.0472,26.9,69,86.09019770698977,1,Moderate
0.0455,26.9,69,86.50201941241612,1,Moderate
0.0455,26.9,69,86.50201941241612,1,Moderate
0.0455,26.9,69,86.50201941241612,1,Moderate
0.0455,26.9,70,87.21630512670183,2,Fresh
0.0455,26.9,69,86.50201941241612,1,Moderate
0.0433,26.9,70,87.74925086313593,2,Fresh
0.0433,26.9,69,87.03496514885022,1,Moderate
0.0433,26.9,69,87.03496514885022,1,Moderate
0.0433,26.9,69,87.03496514885022,1,Moderate
0.0433,26.9,69,87.03496514885022,1,Moderate
0.0455,26.9,69,86.50201941241612,1,Moderate
0.0477,26.9,69,85.96907367598202,1,Moderate
0.0477,27.0,69,86.55730897009967,1,Moderate
0.05,27.0,69,86.000138427464,1,Moderate
0.05,27.0,69,86.000138427464,1,Moderate
0.0535,27.0,69,85.15227021040974,1,Moderate
0.0535,27.0,69,85.15227021040974,1,Moderate
0.0535,27.0,69,85.15227021040974,1,Moderate
0.0535,27.0,69,85.15227021040974,1,Moderate
0.0535,27.0,69,85.15227021040974,1,Moderate
0.0535,27.0,69,85.15227021040974,1,Moderate
0.0585,27.0,69,83.94102990033223,1,Moderate
0.0569,27.0,69,84.32862679955703,1,Moderate
0.0585,27.0,69,83.94102990033223,1,Moderate
0.0554,27.0,69,84.69199889258029,1,Moderate
0.0554,27.0,69,84.69199889258029,1,Moderate
0.0554,27.0,69,84.69199889258029,1,Moderate
0.0554,26.8,69,83.515528304345,1,Moderate
0.0554,27.0,69,84.69199889258029,1,Moderate
0.0554,27.0,69,84.69199889258029,1,Moderate
0.054,27.0,69,85.03114617940199,1,Moderate
0.054,27.0,69,85.03114617940199,1,Moderate
0.054,26.9,69,84.44291088528433,1,Moderate
0.054,26.9,69,84.44291088528433,1,Moderate
0.0526,27.0,69,85.3702934662237,1,Moderate
0.0526,27.0,69,85.3702934662237,1,Moderate
0.0526,27.0,69,85.3702934662237,1,Moderate
0.0526,27.0,69,85.3702934662237,1,Moderate
0.0526,27.0,69,85.3702934662237,1,Moderate
0.0526,26.9,69,84.78205817210603,1,Moderate
0.0526,26.9,69,84.78205817210603,1,Moderate
0.0526,26.9,69,84.78205817210603,1,Moderate
0.054,26.9,69,84.44291088528433,1,Moderate
0.054,26.9,69,84.44291088528433,1,Moderate
0.0512,26.9,69,85.12120545892775,1,Moderate
0.0512,26.9,69,85.12120545892775,1,Moderate
0.0512,26.9,69,85.12120545892775,1,Moderate
0.054,26.9,69,84.44291088528433,1,Moderate
0.0526,26.8,69,84.19382287798841,1,Moderate
0.0512,26.9,69,85.12120545892775,1,Moderate
0.0526,26.9,69,84.78205817210603,1,Moderate
0.0526,26.9,69,84.78205817210603,1,Moderate
0.0526,26.9,69,84.78205817210603,1,Moderate
0.0526,26.9,69,84.78205817210603,1,Moderate
0.0526,26.9,69,84.78205817210603,1,Moderate
0.0526,26.9,69,84.78205817210603,1,Moderate
0.0554,26.9,69,84.10376359846262,1,Moderate
0.0526,26.9,69,84.78205817210603,1,Moderate
0.0554,26.9,69,84.10376359846262,1,Moderate
0.0526,26.9,69,84.78205817210603,1,Moderate
0.0685,26.8,79,81.77065012051332,1,Moderate
0.0648,26.8,80,81.95268223568497,1,Moderate
0.0612,26.8,80,82.82477525894078,1,Moderate
0.0612,26.8,80,82.82477525894078,1,Moderate
0.0612,26.8,80,82.82477525894078,1,Moderate
0.0612,27.0,80,84.00124584717607,1,Moderate
0.0612,26.8,80,82.82477525894078,1,Moderate
0.0612,26.8,80,82.82477525894078,1,Moderate
0.0601,26.8,80,83.09124812715784,1,Moderate
0.0601,26.8,80,83.09124812715784,1,Moderate
0.0601,26.8,80,83.09124812715784,1,Moderate
0.0601,26.8,80,83.09124812715784,1,Moderate
0.0601,26.8,80,83.09124812715784,1,Moderate
0.0601,26.8,80,83.09124812715784,1,Moderate
0.0601,26.8,80,83.09124812715784,1,Moderate
0.0601,26.8,80,83.09124812715784,1,Moderate
0.0601,26.8,80,83.09124812715784,1,Moderate
0.0601,26.8,80,83.09124812715784,1,Moderate
0.0685,26.8,80,81.0563644062276,1,Moderate
0.0685,26.8,80,81.0563644062276,1,Moderate
0.0685,26.8,80,81.0563644062276,1,Moderate
0.0685,26.8,80,81.0563644062276,1,Moderate
0.0685,26.8,80,81.0563644062276,1,Moderate
0.0685,26.8,80,81.0563644062276,1,Moderate
0.0685,26.8,80,81.0563644062276,1,Moderate
0.0685,26.2,80,77.5269526415217,0,Not Fresh
0.0685,26.8,80,81.0563644062276,1,Moderate
0.0685,26.8,80,81.0563644062276,1,Moderate
0.0685,26.8,80,81.0563644062276,1,Moderate
0.0685,26.8,80,81.0563644062276,1,Moderate
0.0685,26.8,80,81.0563644062276,1,Moderate
0.0685,26.8,80,81.0563644062276,1,Moderate
0.0635,26.8,80,82.26760471630513,1,Moderate
0.0635,26.8,80,82.26760471630513,1,Moderate
0.0635,26.8,81,81.55331900201942,1,Moderate
0.0635,26.7,81,80.96508370790175,1,Moderate
0.0635,26.7,81,80.96508370790175,1,Moderate
0.0635,26.8,81,81.55331900201942,1,Moderate
0.0635,26.8,81,81.55331900201942,1,Moderate
0.0635,26.8,81,81.55331900201942,1,Moderate
0.0635,26.8,81,81.55331900201942,1,Moderate
0.0635,26.8,81,81.55331900201942,1,Moderate
0.0635,26.9,80,82.85584001042275,1,Moderate
0.0635,26.9,80,82.85584001042275,1,Moderate
0.0601,26.8,80,83.09124812715784,1,Moderate
0.0601,26.8,80,83.09124812715784,1,Moderate
0.0601,26.8,80,83.09124812715784,1,Moderate
0.0601,26.8,80,83.09124812715784,1,Moderate
0.0601,26.9,80,83.67948342127548,1,Moderate
0.0601,26.8,81,82.37696241287212,1,Moderate
0.0601,26.9,80,83.67948342127548,1,Moderate
0.0601,26.9,80,83.67948342127548,1,Moderate
0.0601,26.8,81,82.37696241287212,1,Moderate
0.0601,26.9,80,83.67948342127548,1,Moderate
0.0601,26.8,80,83.09124812715784,1,Moderate
0.0601,26.8,81,82.37696241287212,1,Moderate
0.0655,26.8,81,81.06882287798841,1,Moderate
0.0601,26.8,81,82.37696241287212,1,Moderate
0.0677,26.8,81,80.5358771415543,1,Moderate
0.0685,26.8,81,80.3420786919419,1,Moderate
0.0656,26.8,81,81.04459807178685,1,Moderate
0.0656,26.8,81,81.04459807178685,1,Moderate
0.0656,26.8,81,81.04459807178685,1,Moderate
0.0656,26.8,81,81.04459807178685,1,Moderate
0.0656,26.9,81,81.63283336590449,1,Moderate
0.0656,26.9,81,81.63283336590449,1,Moderate
0.0656,26.8,81,81.04459807178685,1,Moderate
0.0674,26.9,81,81.19678685427657,1,Moderate
0.0674,26.9,81,81.19678685427657,1,Moderate
0.0674,26.9,81,81.19678685427657,1,Moderate
0.0674,26.8,81,80.60855156015894,1,Moderate
0.0674,26.9,81,81.19678685427657,1,Moderate
0.0674,26.9,81,81.19678685427657,1,Moderate
0.0677,26.9,81,81.12411243567193,1,Moderate
0.0755,26.9,80,79.9488632662367,1,Moderate
0.0755,26.9,80,79.9488632662367,1,Moderate
0.0755,26.9,80,79.9488632662367,1,Moderate
0.0755,26.9,81,79.23457755195099,1,Moderate
0.0777,26.8,81,78.11339652139925,1,Moderate
0.0777,26.9,81,78.70163181551689,1,Moderate
0.0777,26.9,81,78.70163181551689,1,Moderate
0.0777,26.9,81,78.70163181551689,1,Moderate
0.0777,26.9,81,78.70163181551689,1,Moderate
0.0777,26.9,81,78.70163181551689,1,Moderate
0.0777,26.9,81,78.70163181551689,1,Moderate
0.0777,26.9,81,78.70163181551689,1,Moderate
0.0777,26.9,81,78.70163181551689,1,Moderate
0.0777,26.9,81,78.70163181551689,1,Moderate
0.0689,26.9,81,80.83341476125332,1,Moderate
0.0689,26.9,81,80.83341476125332,1,Moderate
0.0689,26.8,81,80.24517946713569,1,Moderate
0.0689,26.8,81,80.24517946713569,1,Moderate
0.0689,26.8,81,80.24517946713569,1,Moderate
0.0689,26.9,81,80.83341476125332,1,Moderate
0.0689,26.9,81,80.83341476125332,1,Moderate
0.0689,26.9,81,80.83341476125332,1,Moderate
0.0689,26.9,82,80.1191290469676,1,Moderate
0.0733,26.9,82,79.0532375740994,1,Moderate
0.0733,26.9,82,79.0532375740994,1,Moderate
0.0733,26.9,82,79.0532375740994,1,Moderate
0.0733,26.9,82,79.0532375740994,1,Moderate
0.0733,26.9,82,79.0532375740994,1,Moderate
0.0733,26.9,82,79.0532375740994,1,Moderate
0.0733,26.9,82,79.0532375740994,1,Moderate
0.0733,26.9,82,79.0532375740994,1,Moderate
0.0733,27.0,82,79.64147286821705,1,Moderate
0.0735,27.0,82,79.59302325581396,1,Moderate
0.0712,27.0,82,80.15019379844962,1,Moderate
0.0762,26.9,82,78.35071819425444,1,Moderate
0.0755,27.0,82,79.10852713178295,1,Moderate
0.0772,26.9,82,78.10847013223892,1,Moderate
0.0733,27.0,82,79.64147286821705,1,Moderate
0.0733,27.0,82,79.64147286821705,1,Moderate
0.0712,27.0,82,80.15019379844962,1,Moderate
0.0733,27.0,83,78.92718715393133,1,Moderate
0.0733,27.0,82,79.64147286821705,1,Moderate
0.0733,27.0,83,78.92718715393133,1,Moderate
0.0733,27.0,83,78.92718715393133,1,Moderate
0.0733,27.0,83,78.92718715393133,1,Moderate
0.0733,27.0,82,79.64147286821705,1,Moderate
0.0733,27.0,82,79.64147286821705,1,Moderate
0.0755,26.3,82,74.99088007295941,0,Not Fresh
0.0755,27.0,83,78.39424141749724,1,Moderate
0.0755,27.0,82,79.10852713178295,1,Moderate
0.0755,27.0,83,78.39424141749724,1,Moderate
0.0755,27.0,83,78.39424141749724,1,Moderate
0.0755,27.0,83,78.39424141749724,1,Moderate
0.0855,26.9,83,75.38352550322453,0,Not Fresh
0.0876,26.9,83,74.87480457299198,0,Not Fresh
0.0876,26.9,83,74.87480457299198,0,Not Fresh
0.0876,26.9,84,74.16051885870625,0,Not Fresh
0.0876,26.9,84,74.16051885870625,0,Not Fresh
0.0745,26.9,83,78.04825418539508,1,Moderate
0.0745,27.5,84,74.98102729463878,0,Not Fresh
0.0745,27.4,84,75.56926258875643,0,Not Fresh
0.0745,27.3,83,76.87178359715979,0,Not Fresh
0.0745,27.3,83,76.87178359715979,0,Not Fresh
0.0745,27.3,83,76.87178359715979,0,Not Fresh
0.0809,27.3,83,75.32139600026056,0,Not Fresh
0.0745,27.3,83,76.87178359715979,0,Not Fresh
0.0745,27.3,83,76.87178359715979,0,Not Fresh
0.0745,27.3,83,76.87178359715979,0,Not Fresh
0.0714,27.3,83,77.62275258940785,0,Not Fresh
0.0714,27.3,83,77.62275258940785,0,Not Fresh
0.0714,27.3,83,77.62275258940785,0,Not Fresh
0.0714,27.3,83,77.62275258940785,0,Not Fresh
0.0714,27.3,83,77.62275258940785,0,Not Fresh
0.0714,27.3,83,77.62275258940785,0,Not Fresh
0.0776,27.3,83,76.12081460491173,0,Not Fresh
0.0776,27.3,83,76.12081460491173,0,Not Fresh
0.0776,27.3,83,76.12081460491173,0,Not Fresh
0.0776,27.2,83,76.7090498990294,0,Not Fresh
0.0776,27.3,83,76.12081460491173,0,Not Fresh
0.0776,27.3,83,76.12081460491173,0,Not Fresh
0.0776,27.3,83,76.12081460491173,0,Not Fresh
0.0809,27.2,83,75.90963129437822,0,Not Fresh
0.0809,27.3,83,75.32139600026056,0,Not Fresh
0.0809,27.3,83,75.32139600026056,0,Not Fresh
0.0809,27.3,83,75.32139600026056,0,Not Fresh
0.0776,27.3,83,76.12081460491173,0,Not Fresh
0.0745,27.1,83,78.04825418539508,1,Moderate
0.0745,27.2,83,77.46001889127744,0,Not Fresh
0.0745,27.3,83,76.87178359715979,0,Not Fresh
0.0745,27.2,83,77.46001889127744,0,Not Fresh
0.0745,27.2,83,77.46001889127744,0,Not Fresh
0.0809,27.3,83,75.32139600026056,0,Not Fresh
0.0809,27.2,83,75.90963129437822,0,Not Fresh
0.0809,27.2,83,75.90963129437822,0,Not Fresh
0.0809,27.3,83,75.32139600026056,0,Not Fresh
0.0809,27.2,83,75.90963129437822,0,Not Fresh
0.0809,27.2,83,75.90963129437822,0,Not Fresh
0.0809,27.2,83,75.90963129437822,0,Not Fresh
0.0809,27.2,83,75.90963129437822,0,Not Fresh
0.0809,27.1,83,76.49786658849585,0,Not Fresh
0.0809,27.2,83,75.90963129437822,0,Not Fresh
0.0809,27.1,83,76.49786658849585,0,Not Fresh
0.0809,27.2,83,75.90963129437822,0,Not Fresh
0.0809,27.2,83,75.90963129437822,0,Not Fresh
0.0809,27.1,83,76.49786658849585,0,Not Fresh
0.0809,27.2,83,75.90963129437822,0,Not Fresh
0.0809,27.1,83,76.49786658849585,0,Not Fresh
0.0824,27.1,83,76.1344944954726,0,Not Fresh
0.0874,27.1,83,74.92325418539508,0,Not Fresh
0.0874,27.1,83,74.92325418539508,0,Not Fresh
0.0849,27.1,83,75.52887434043384,0,Not Fresh
0.0849,27.1,83,75.52887434043384,0,Not Fresh
0.0849,27.1,83,75.52887434043384,0,Not Fresh
0.0849,27.1,84,74.81458862614812,0,Not Fresh
0.0849,27.1,84,74.81458862614812,0,Not Fresh
0.0849,27.1,84,74.81458862614812,0,Not Fresh
0.0845,27.1,84,74.91148785095432,0,Not Fresh
0.0885,27.1,84,73.9424956028923,0,Not Fresh
0.0877,27.1,84,74.13629405250471,0,Not Fresh
0.0928,27.1,84,72.90082893622565,0,Not Fresh
0.0928,27.1,84,72.90082893622565,0,Not Fresh
0.0874,27.1,83,74.92325418539508,0,Not Fresh
0.0874,27.0,83,75.51148947951273,0,Not Fresh
0.0874,27.1,83,74.92325418539508,0,Not Fresh
0.0874,27.1,83,74.92325418539508,0,Not Fresh
0.0874,27.1,83,74.92325418539508,0,Not Fresh
0.0976,27.1,83,72.45232395283693,0,Not Fresh
0.0976,27.1,83,72.45232395283693,0,Not Fresh
0.0976,27.2,83,71.86408865871931,0,Not Fresh
0.0976,27.1,83,72.45232395283693,0,Not Fresh
0.0976,27.1,83,72.45232395283693,0,Not Fresh
0.0976,27.1,83,72.45232395283693,0,Not Fresh
0.0976,27.1,83,72.45232395283693,0,Not Fresh
0.0976,27.1,84,71.73803823855123,0,Not Fresh
0.0976,27.1,83,72.45232395283693,0,Not Fresh
0.0976,27.1,84,71.73803823855123,0,Not Fresh
0.0876,27.1,83,74.87480457299198,0,Not Fresh
0.0876,27.1,83,74.87480457299198,0,Not Fresh
0.0876,27.1,83,74.87480457299198,0,Not Fresh
0.0876,27.1,83,74.87480457299198,0,Not Fresh
0.0876,27.1,83,74.87480457299198,0,Not Fresh
0.0876,27.4,84,72.39581297635334,0,Not Fresh
0.0876,27.6,82,72.64791381668945,0,Not Fresh
0.0876,27.6,82,72.64791381668945,0,Not Fresh
0.0876,27.5,82,73.2361491108071,0,Not Fresh
0.0876,27.5,82,73.2361491108071,0,Not Fresh
0.0899,27.4,82,73.26721386228911,0,Not Fresh
0.0899,27.4,83,72.5529281480034,0,Not Fresh
0.0899,27.3,83,73.14116344212104,0,Not Fresh
0.0899,27.3,83,73.14116344212104,0,Not Fresh
0.0899,27.3,83,73.14116344212104,0,Not Fresh
0.0899,27.3,83,73.14116344212104,0,Not Fresh
0.0899,27.3,83,73.14116344212104,0,Not Fresh
0.0889,27.2,83,73.97164679825418,0,Not Fresh
0.0963,27.3,84,70.87649013093609,0,Not Fresh
0.0948,27.2,83,72.54238323236272,0,Not Fresh
0.0948,27.3,84,71.23986222395935,0,Not Fresh
0.0948,27.2,84,71.82809751807699,0,Not Fresh
0.0976,27.2,84,71.14980294443359,0,Not Fresh
0.0976,27.2,84,71.14980294443359,0,Not Fresh
0.0976,27.2,84,71.14980294443359,0,Not Fresh
0.0976,27.2,84,71.14980294443359,0,Not Fresh
0.0976,27.2,84,71.14980294443359,0,Not Fresh
0.0976,27.2,83,71.86408865871931,0,Not Fresh
0.1001,27.2,84,70.54418278939482,0,Not Fresh
0.1001,27.1,84,71.13241808351248,0,Not Fresh
0.1001,27.2,83,71.25846850368055,0,Not Fresh
0.1001,27.2,83,71.25846850368055,0,Not Fresh
0.1001,27.2,83,71.25846850368055,0,Not Fresh
0.1001,27.2,83,71.25846850368055,0,Not Fresh
0.0976,27.2,83,71.86408865871931,0,Not Fresh
0.0985,27.2,83,71.64606540290535,0,Not Fresh
0.0985,27.1,83,72.23430069702297,0,Not Fresh
0.0985,27.1,83,72.23430069702297,0,Not Fresh
0.0985,27.1,83,72.23430069702297,0,Not Fresh
0.0985,28.1,68,67.06623347013222,0,Not Fresh
0.0985,27.9,68,68.24270405836754,0,Not Fresh
0.0985,27.9,68,68.24270405836754,0,Not Fresh
0.1167,27.8,68,64.422024623803,0,Not Fresh
0.1167,27.8,68,64.422024623803,0,Not Fresh
0.1167,27.7,68,65.01025991792065,0,Not Fresh
0.1167,27.6,68,65.5984952120383,0,Not Fresh
0.1167,27.6,68,65.5984952120383,0,Not Fresh
0.1167,27.5,68,66.18673050615594,0,Not Fresh
0.1167,27.5,68,66.18673050615594,0,Not Fresh
0.1024,27.5,68,69.65087779297767,0,Not Fresh
0.1242,27.6,68,63.78163474692201,0,Not Fresh
0.1242,27.6,68,63.78163474692201,0,Not Fresh
0.1242,27.7,67,62.47911373851866,0,Not Fresh
0.1242,27.7,67,62.47911373851866,0,Not Fresh
0.1242,27.7,67,62.47911373851866,0,Not Fresh
0.1242,27.8,67,61.89087844440101,0,Not Fresh
0.1145,27.8,67,64.24068464595139,0,Not Fresh
0.1145,27.8,67,64.24068464595139,0,Not Fresh
0.1145,27.8,67,64.24068464595139,0,Not Fresh
0.1145,27.8,67,64.24068464595139,0,Not Fresh
0.1145,27.8,67,64.24068464595139,0,Not Fresh
0.1145,27.8,66,63.526398931665675,0,Not Fresh
0.1145,27.8,66,63.526398931665675,0,Not Fresh
0.1145,27.8,66,63.526398931665675,0,Not Fresh
0.1209,27.8,66,61.97601133476647,0,Not Fresh
0.1209,27.8,66,61.97601133476647,0,Not Fresh
0.1209,27.8,67,62.69029704905218,0,Not Fresh
0.1209,27.8,67,62.69029704905218,0,Not Fresh
0.1209,27.8,67,62.69029704905218,0,Not Fresh
0.1209,27.9,67,62.10206175493453,0,Not Fresh
0.1276,27.9,66,59.76471402514494,0,Not Fresh
0.1276,27.9,66,59.76471402514494,0,Not Fresh
0.1276,27.9,66,59.76471402514494,0,Not Fresh
0.1276,27.9,66,59.76471402514494,0,Not Fresh
0.1276,27.9,66,59.76471402514494,0,Not Fresh
0.1391,27.8,66,57.56709660608428,0,Not Fresh
0.1323,28.2,70,59.71858510846199,0,Not Fresh
0.1318,28.9,67,53.57920493778907,0,Not Fresh
0.1288,29.0,66,53.003428115432214,0,Not Fresh
0.1288,29.0,65,52.28914240114649,0,Not Fresh
0.1288,28.8,65,53.46561298938178,0,Not Fresh
0.1288,28.8,65,53.46561298938178,0,Not Fresh
0.1288,28.5,66,55.94460458602045,0,Not Fresh
0.1288,28.5,66,55.94460458602045,0,Not Fresh
0.1231,28.3,67,59.21617484202984,0,Not Fresh
0.1231,28.3,67,59.21617484202984,0,Not Fresh
0.1231,28.2,67,59.80441013614749,0,Not Fresh
0.1231,28.0,67,60.98088072438278,0,Not Fresh
0.1231,27.9,66,60.854830304214715,0,Not Fresh
0.1231,27.9,68,62.283401732786146,0,Not Fresh
0.1231,27.9,68,62.283401732786146,0,Not Fresh
0.1231,27.8,68,62.871637026903784,0,Not Fresh
0.1231,27.8,68,62.871637026903784,0,Not Fresh
0.1231,27.7,68,63.459872321021436,0,Not Fresh
0.1388,27.8,68,59.06834245326037,0,Not Fresh
0.1388,27.7,68,59.65657774737802,0,Not Fresh
0.1388,27.7,68,59.65657774737802,0,Not Fresh
0.1388,27.7,69,60.37086346166374,0,Not Fresh
0.1388,27.6,69,60.95909875578137,0,Not Fresh
0.1388,27.6,69,60.95909875578137,0,Not Fresh
0.1388,27.5,69,61.54733404989903,0,Not Fresh
0.1388,27.5,69,61.54733404989903,0,Not Fresh
0.1388,27.5,69,61.54733404989903,0,Not Fresh
0.1309,27.5,69,63.46109373982151,0,Not Fresh
0.1303,27.5,68,62.8921568627451,0,Not Fresh
0.1309,27.5,68,62.74680802553579,0,Not Fresh
0.1303,27.5,69,63.606442577030805,0,Not Fresh
0.1448,27.5,69,60.093845677806,0,Not Fresh
0.1448,27.5,69,60.093845677806,0,Not Fresh
0.1448,27.5,70,60.80813139209171,0,Not Fresh
0.1448,27.5,70,60.80813139209171,0,Not Fresh
0.1448,27.6,70,60.21989609797406,0,Not Fresh
0.1303,27.5,69,63.606442577030805,0,Not Fresh
0.1303,27.5,70,64.32072829131653,0,Not Fresh
0.1303,27.5,70,64.32072829131653,0,Not Fresh
0.1303,27.5,71,65.03501400560225,0,Not Fresh
0.1323,27.5,69,63.1219464529998,0,Not Fresh
0.1431,27.5,69,60.50566738323235,0,Not Fresh
0.1431,27.5,69,60.50566738323235,0,Not Fresh
0.1431,27.5,69,60.50566738323235,0,Not Fresh
0.1431,27.5,69,60.50566738323235,0,Not Fresh
0.1431,27.5,69,60.50566738323235,0,Not Fresh
0.1431,27.5,69,60.50566738323235,0,Not Fresh
0.1431,27.5,68,59.79138166894664,0,Not Fresh
0.1431,27.5,68,59.79138166894664,0,Not Fresh
0.1322,27.5,68,62.43188554491563,0,Not Fresh
0.1322,27.5,68,62.43188554491563,0,Not Fresh
0.1322,27.5,69,63.146171259201346,0,Not Fresh
0.1322,27.5,69,63.146171259201346,0,Not Fresh
0.1322,27.5,70,63.860456973487054,0,Not Fresh
0.1322,27.5,70,63.860456973487054,0,Not Fresh
0.1431,27.5,70,61.21995309751808,0,Not Fresh
0.1422,27.6,70,60.84974105921437,0,Not Fresh
0.1369,27.6,70,62.133655787896544,0,Not Fresh
0.1322,27.6,69,62.557935965083686,0,Not Fresh
0.1322,27.6,69,62.557935965083686,0,Not Fresh
0.1385,27.6,70,61.746058888671726,0,Not Fresh
0.1385,27.6,69,61.03177317438602,0,Not Fresh
0.1385,27.6,70,61.746058888671726,0,Not Fresh
0.1385,27.6,69,61.03177317438602,0,Not Fresh
0.1385,27.6,69,61.03177317438602,0,Not Fresh
0.1385,27.6,69,61.03177317438602,0,Not Fresh
0.1385,27.6,69,61.03177317438602,0,Not Fresh
0.1403,27.6,69,60.59572666275811,0,Not Fresh
0.1463,27.6,68,58.42795257637937,0,Not Fresh
0.1463,27.6,69,59.142238290665084,0,Not Fresh
0.1463,27.5,69,59.73047358478274,0,Not Fresh
0.1463,27.5,69,59.73047358478274,0,Not Fresh
0.1463,27.5,69,59.73047358478274,0,Not Fresh
0.1463,27.5,69,59.73047358478274,0,Not Fresh
0.1463,27.5,69,59.73047358478274,0,Not Fresh
0.1463,27.5,69,59.73047358478274,0,Not Fresh
0.1463,27.5,69,59.73047358478274,0,Not Fresh
0.1463,27.5,69,59.73047358478274,0,Not Fresh
0.1403,27.5,69,61.18396195687576,0,Not Fresh
0.1403,27.5,69,61.18396195687576,0,Not Fresh
0.1412,27.5,69,60.965938701061816,0,Not Fresh
0.1424,27.5,69,60.675241026643214,0,Not Fresh
0.1424,27.5,68,59.9609553123575,0,Not Fresh
0.1424,27.5,69,60.675241026643214,0,Not Fresh
0.1424,27.5,69,60.675241026643214,0,Not Fresh
0.1424,27.5,69,60.675241026643214,0,Not Fresh
0.1403,27.5,68,60.469676242590054,0,Not Fresh
0.1403,27.5,69,61.18396195687576,0,Not Fresh
0.1403,27.5,70,61.89824767116148,0,Not Fresh
0.1403,27.5,69,61.18396195687576,0,Not Fresh
0.1403,27.5,69,61.18396195687576,0,Not Fresh
0.1403,27.5,69,61.18396195687576,0,Not Fresh
0.1403,27.5,69,61.18396195687576,0,Not Fresh
0.1453,27.5,69,59.97272164679824,0,Not Fresh
0.1453,27.5,69,59.97272164679824,0,Not Fresh
0.1453,27.5,70,60.68700736108396,0,Not Fresh
0.1431,27.5,69,60.50566738323235,0,Not Fresh
0.1431,27.5,69,60.50566738323235,0,Not Fresh
0.1431,27.5,69,60.50566738323235,0,Not Fresh
0.1431,27.5,69,60.50566738323235,0,Not Fresh
0.1431,27.5,69,60.50566738323235,0,Not Fresh
0.1431,27.5,69,60.50566738323235,0,Not Fresh
0.1431,27.5,69,60.50566738323235,0,Not Fresh
0.1431,27.5,70,61.21995309751808,0,Not Fresh
0.1431,27.5,70,61.21995309751808,0,Not Fresh
0.1431,27.5,71,61.93423881180379,0,Not Fresh
0.1431,27.6,71,61.34600351768613,0,Not Fresh
0.1345,27.6,70,62.71505113673375,0,Not Fresh
0.1345,27.6,70,62.71505113673375,0,Not Fresh
0.1345,27.6,70,62.71505113673375,0,Not Fresh
0.1345,27.6,70,62.71505113673375,0,Not Fresh
0.1322,27.6,70,63.2722216793694,0,Not Fresh
0.1322,27.6,70,63.2722216793694,0,Not Fresh
0.1322,27.6,70,63.2722216793694,0,Not Fresh
0.1322,27.5,70,63.860456973487054,0,Not Fresh
0.1322,27.6,70,63.2722216793694,0,Not Fresh
0.1431,27.6,71,61.34600351768613,0,Not Fresh
0.1431,27.6,71,61.34600351768613,0,Not Fresh
0.1431,27.6,72,62.06028923197184,0,Not Fresh
0.1431,27.6,71,61.34600351768613,0,Not Fresh
0.1476,27.5,70,60.129836818448304,0,Not Fresh
0.1476,27.5,70,60.129836818448304,0,Not Fresh
0.1476,27.6,70,59.541601524330645,0,Not Fresh
0.1476,27.6,70,59.541601524330645,0,Not Fresh
0.1474,27.4,76,63.623664582111914,0,Not Fresh
0.1474,27.4,75,64.33795029639764,0,Not Fresh
0.1474,27.4,75,64.33795029639764,0,Not Fresh
0.1428,27.4,74,64.73800566738323,0,Not Fresh
0.1428,27.4,74,64.73800566738323,0,Not Fresh
0.1428,27.3,74,65.32624096150087,0,Not Fresh
0.1428,27.3,75,66.0405266757866,0,Not Fresh
0.1428,27.3,75,66.0405266757866,0,Not Fresh
0.1428,27.3,75,66.0405266757866,0,Not Fresh
0.1428,27.3,75,66.0405266757866,0,Not Fresh
0.1428,27.3,75,66.0405266757866,0,Not Fresh
0.1518,27.3,75,63.86029411764705,0,Not Fresh
0.1518,27.3,75,63.86029411764705,0,Not Fresh
0.1518,27.3,75,63.86029411764705,0,Not Fresh
0.1518,27.3,75,63.86029411764705,0,Not Fresh
0.1518,27.3,75,63.86029411764705,0,Not Fresh
0.1518,27.3,75,63.86029411764705,0,Not Fresh
0.1518,27.3,75,63.86029411764705,0,Not Fresh
0.1518,27.3,75,63.86029411764705,0,Not Fresh
0.1518,27.3,75,63.86029411764705,0,Not Fresh
0.1518,27.2,76,63.734243697479,0,Not Fresh
0.1849,27.2,76,55.71583284476581,0,Not Fresh
0.1849,27.2,76,55.71583284476581,0,Not Fresh
0.1849,27.2,76,55.71583284476581,0,Not Fresh
0.1849,27.2,76,55.71583284476581,0,Not Fresh
0.1849,27.3,76,55.127597550648154,0,Not Fresh
0.1909,27.3,75,54.38839489284085,0,Not Fresh
0.1909,27.2,76,54.262344472672794,0,Not Fresh
0.197,27.2,76,52.784631294378215,0,Not Fresh
0.1849,27.2,76,55.71583284476581,0,Not Fresh
0.2033,27.2,76,51.25846850368055,0,Not Fresh
0.2163,27.2,75,48.82352941176471,0,Not Fresh
0.2097,27.2,76,49.70808090678132,0,Not Fresh
0.2097,27.2,76,49.70808090678132,0,Not Fresh
0.2033,27.2,76,51.25846850368055,0,Not Fresh
0.1849,27.2,76,55.71583284476581,0,Not Fresh
0.2163,27.2,76,48.109243697479,0,Not Fresh
0.1878,27.2,76,55.013313464920856,0,Not Fresh
0.2033,27.2,76,51.25846850368055,0,Not Fresh
0.1909,27.2,76,54.262344472672794,0,Not Fresh
0.1791,27.2,76,57.120871604455736,0,Not Fresh
0.1909,27.2,77,53.548058758387086,0,Not Fresh
0.1909,27.1,77,54.13629405250471,0,Not Fresh
0.1909,27.1,77,54.13629405250471,0,Not Fresh
0.1849,27.1,77,55.589782424597736,0,Not Fresh
0.1849,27.1,77,55.589782424597736,0,Not Fresh
0.1818,27.1,77,56.340751416845805,0,Not Fresh
0.1849,27.1,77,55.589782424597736,0,Not Fresh
0.1918,27.1,77,53.91827079669076,0,Not Fresh
0.1949,27.1,77,53.1673018044427,0,Not Fresh
0.1949,27.0,76,54.46982281284607,0,Not Fresh
0.1949,27.1,76,53.881587518728416,0,Not Fresh
0.1949,27.1,76,53.881587518728416,0,Not Fresh
0.1878,27.1,76,55.60154875903849,0,Not Fresh
0.1878,27.1,76,55.60154875903849,0,Not Fresh
0.1909,27.1,76,54.85057976679043,0,Not Fresh
0.1849,27.1,77,55.589782424597736,0,Not Fresh
0.1849,27.1,77,55.589782424597736,0,Not Fresh
0.1849,27.1,77,55.589782424597736,0,Not Fresh
0.197,27.1,77,52.65858087421014,0,Not Fresh
0.1849,26.9,77,55.589782424597736,0,Not Fresh
0.1909,27.1,77,54.13629405250471,0,Not Fresh
0.1849,27.1,77,55.589782424597736,0,Not Fresh
0.1849,27.1,77,55.589782424597736,0,Not Fresh
0.1849,27.1,77,55.589782424597736,0,Not Fresh
0.1849,27.1,77,55.589782424597736,0,Not Fresh
0.1891,27.1,77,54.572340564132624,0,Not Fresh
0.1849,27.1,77,55.589782424597736,0,Not Fresh
0.1849,27.1,77,55.589782424597736,0,Not Fresh
0.1849,27.1,77,55.589782424597736,0,Not Fresh
0.1891,27.1,76,55.28662627841834,0,Not Fresh
0.1849,27.1,77,55.589782424597736,0,Not Fresh
0.1849,27.1,76,56.304068138883444,0,Not Fresh
0.1967,27.1,76,53.445541007100495,0,Not Fresh
0.1834,27.1,76,56.66744023190671,0,Not Fresh
0.1834,27.1,77,55.953154517620995,0,Not Fresh
0.1834,27.1,76,56.66744023190671,0,Not Fresh
0.1834,27.1,76,56.66744023190671,0,Not Fresh
0.1878,27.1,76,55.60154875903849,0,Not Fresh
0.1991,27.1,77,52.14985994397758,0,Not Fresh
0.1991,27.1,76,52.8641456582633,0,Not Fresh
0.1991,27.1,76,52.8641456582633,0,Not Fresh
0.1991,27.1,77,52.14985994397758,0,Not Fresh
0.1991,27.1,76,52.8641456582633,0,Not Fresh
0.1991,27.1,77,52.14985994397758,0,Not Fresh
0.1991,27.1,77,52.14985994397758,0,Not Fresh
0.2149,27.1,77,48.32234056413262,0,Not Fresh
0.2149,27.1,77,48.32234056413262,0,Not Fresh
0.2149,27.1,77,48.32234056413262,0,Not Fresh
0.2109,27.1,77,49.29133281219463,0,Not Fresh
0.2109,27.1,77,49.29133281219463,0,Not Fresh
0.2109,27.1,77,49.29133281219463,0,Not Fresh
